spTachyglossus_aculeatusZaglossus_bruijniZaglossus_bartoniOrnithorhynchus_anatinusAnomalurus_pusillusAnomalurus_beecroftiAnomalurus_derbianusAnomalurus_peliiZenkerella_insignisIdiurus_macrotisIdiurus_zenkeriPedetes_capensisPedetes_surdasterAllactaga_sibiricaAllactaga_severtzoviAllactaga_hotsoniAllactaga_bullataAllactaga_elaterAllactaga_majorAllactaga_firouziAllactaga_balikunicaAllactaga_euphraticaAllactaga_williamsiAllactaga_tetradactylaAllactaga_vinogradoviZapus_princepsZapus_trinotatusZapus_hudsoniusEozapus_setchuanusNapaeozapus_insignisParadipus_ctenodactylusEuchoreutes_nasoCardiocranius_paradoxusSalpingotus_kozloviSalpingotus_thomasiSalpingotus_heptneriSalpingotus_crassicaudaSalpingotulus_michaelisSalpingotus_pallidusSicista_tianshanicaSicista_severtzoviSicista_strandiSicista_caudataSicista_betulinaSicista_caucasicaSicista_armenicaSicista_concolorSicista_pseudonapaeaSicista_kluchoricaSicista_subtilisSicista_kazbegicaSicista_napaeaJaculus_orientalisJaculus_jaculusJaculus_blanfordiStylodipus_sungorusStylodipus_andrewsiStylodipus_telumEremodipus_lichtensteiniDipus_sagittaPygeretmus_shitkoviPygeretmus_pumilioPygeretmus_platyurusAllactodipus_bobrinskiiCannomys_badiusRhizomys_sinensisRhizomys_pruinosusRhizomys_sumatrensisTachyoryctes_ruandaeTachyoryctes_splendensTachyoryctes_ibeanusTachyoryctes_rexTachyoryctes_macrocephalusTachyoryctes_daemonTachyoryctes_ruddiTachyoryctes_annectensTachyoryctes_ankoliaeTachyoryctes_naivashaeTachyoryctes_audaxTachyoryctes_spalacinusGerbilliscus_afraGerbilliscus_guineaeGerbilliscus_brantsiiGerbilliscus_leucogasterGerbilliscus_nigricaudusGerbilliscus_validusGerbilliscus_phillipsiGerbilliscus_kempiGerbilliscus_inclususGerbilliscus_robustusGerbilliscus_boehmiTatera_indicaMeriones_hurrianaeMeriones_tamariscinusMeriones_unguiculatusMeriones_zarudnyiMeriones_chengiMeriones_shawiMeriones_grandisMeriones_libycusMeriones_meridianusMeriones_crassusMeriones_sacramentiMeriones_vinogradoviMeriones_arimaliusMeriones_dahliMeriones_tristramiMeriones_persicusMeriones_rexBrachiones_przewalskiiSekeetamys_calurusPsammomys_obesusPsammomys_vexillarisRhombomys_opimusTaterillus_lacustrisTaterillus_gracilisTaterillus_eminiTaterillus_arenariusTaterillus_pygargusTaterillus_harringtoniTaterillus_congicusTaterillus_petteriPachyuromys_duprasiAmmodillus_imbellisDesmodilliscus_braueriDesmodillus_auricularisGerbillurus_setzeriGerbillurus_vallinusGerbillurus_tytonisGerbillurus_paebaGerbillus_floweriGerbillus_burtoniGerbillus_agagGerbillus_cheesmaniDipodillus_bottaiGerbillus_tarabuliDipodillus_somalicusGerbillus_pulvinatusGerbillus_aquilusDipodillus_campestrisDipodillus_simoniDipodillus_zakariaiGerbillus_dunniDipodillus_mackilliginiGerbillus_hesperinusGerbillus_latasteiGerbillus_mesopotamiaeGerbillus_watersiGerbillus_famulusGerbillus_garamantisGerbillus_pyramidumGerbillus_dongolanusGerbillus_pusillusDipodillus_jamesiGerbillus_nanusGerbillus_andersoniGerbillus_mauritaniaeGerbillus_henleyiGerbillus_hoogstraaliGerbillus_acticolaDipodillus_maghrebiGerbillus_amoenusGerbillus_grobbeniDipodillus_loweiGerbillus_brockmaniGerbillus_gleadowiGerbillus_gerbillusDipodillus_harwoodiGerbillus_vivaxGerbillus_perpallidusGerbillus_rosalindaGerbillus_nigeriaeDipodillus_stigmonyxGerbillus_principulusGerbillus_muriculusDipodillus_dasyurusGerbillus_poecilopsGerbillus_occiduusGerbillus_syrticusGerbillus_nancillusMicrodillus_peeliEllobius_tancreiEllobius_lutescensEllobius_alaicusEllobius_talpinusEllobius_fuscocapillusPrometheomys_schaposchnikowiDicrostonyx_vinogradoviDicrostonyx_nunatakensisDicrostonyx_torquatusDicrostonyx_hudsoniusDicrostonyx_unalascensisDicrostonyx_groenlandicusDicrostonyx_richardsoniDicrostonyx_nelsoniArvicola_sapidusArvicola_amphibiusArvicola_schermanBlanfordimys_afghanusBlanfordimys_bucharensisNeodon_forrestiNeodon_ireneNeodon_sikimensisNeodon_juldaschiPhaiomys_leucurusMicrotus_chrotorrhinusMicrotus_richardsoniMicrotus_xanthognathusMicrotus_majoriMicrotus_thomasiMicrotus_duodecimcostatusMicrotus_lusitanicusMicrotus_schelkovnikoviMicrotus_multiplexMicrotus_liechtensteiniMicrotus_subterraneusMicrotus_daghestanicusMicrotus_tatricusMicrotus_bavaricusMicrotus_gerbeiMicrotus_saviiMicrotus_brachycercusMicrotus_felteniMicrotus_abbreviatusMicrotus_miurusMicrotus_gregalisMicrotus_limnophilusMicrotus_oeconomusMicrotus_montebelliMicrotus_umbrosusMicrotus_longicaudusMicrotus_mexicanusMicrotus_oaxacensisMicrotus_ochrogasterMicrotus_pinetorumMicrotus_quasiaterMicrotus_agrestisMicrotus_cabreraeMicrotus_guatemalensisMicrotus_ilaeusMicrotus_arvalisMicrotus_transcaspicusMicrotus_levisMicrotus_iraniMicrotus_paradoxusMicrotus_socialisMicrotus_schidlovskiiMicrotus_guentheriMicrotus_fortisMicrotus_mongolicusMicrotus_middendorffiiMicrotus_sachalinensisMicrotus_evoronensisMicrotus_maximowicziiMicrotus_mujanensisMicrotus_oregoniMicrotus_canicaudusMicrotus_montanusMicrotus_pennsylvanicusMicrotus_townsendiiMicrotus_breweriMicrotus_californicusMicrotus_clarkeiMicrotus_kikuchiiVolemys_millicensVolemys_musseriLemmiscus_curtatusProedromys_bedfordiOndatra_zibethicusNeofiber_alleniLemmus_amurensisLemmus_lemmusLemmus_sibiricusLemmus_trimucronatusLemmus_portenkoiMyopus_schisticolorSynaptomys_borealisSynaptomys_cooperiArborimus_longicaudusArborimus_pomoArborimus_albipesPhenacomys_intermediusPhenacomys_ungavaEolagurus_luteusEolagurus_przewalskiiLagurus_lagurusChionomys_nivalisChionomys_gudChionomys_robertiLasiopodomys_brandtiiLasiopodomys_fuscusLasiopodomys_mandarinusEothenomys_custosCaryomys_evaEothenomys_proditorEothenomys_chinensisEothenomys_wardiMyodes_regulusMyodes_shanseiusEothenomys_olitorCaryomys_inezEothenomys_miletusEothenomys_cachinusEothenomys_melanogasterMyodes_andersoniMyodes_imaizumiiMyodes_smithiiMyodes_centralisMyodes_californicusMyodes_rutilusMyodes_rexMyodes_rufocanusMyodes_glareolusMyodes_gapperiAlticola_barakshinAlticola_argentatusAlticola_semicanusAlticola_stoliczkanusAlticola_albicaudusAlticola_royleiAlticola_montosaAlticola_macrotisAlticola_tuvinicusAlticola_olchonensisAlticola_strelzowiAlticola_lemminusHyperacrius_fertilisHyperacrius_wynneiDinaromys_bogdanoviBandicota_savileiBandicota_bengalensisBandicota_indicaVernaya_fulvaZelotomys_hildegardeaeZelotomys_woosnamiRattus_arfakiensisRattus_niobeRattus_arrogansRattus_pocockiRattus_vandeuseniNesoromys_ceramicusRattus_verecundusRattus_omichlodesRattus_richardsoniCrateromys_australisCrateromys_paulusCrateromys_schadenbergiCarpomys_melanurusCarpomys_phaeurusBatomys_dentatusBatomys_grantiBatomys_salomonseniApodemus_agrariusApodemus_chevrieriApodemus_mystacinusApodemus_epimelasApodemus_hyrcanicusApodemus_witherbyiApodemus_uralensisApodemus_alpicolaApodemus_pallipesApodemus_ponticusApodemus_flavicollisApodemus_sylvaticusApodemus_rusigesApodemus_latronumApodemus_peninsulaeApodemus_gurkhaApodemus_semotusApodemus_dracoApodemus_argenteusApodemus_speciosusTokudaia_muenninkiTokudaia_osimensisBerylmys_manipulusBerylmys_bowersiBerylmys_mackenzieiBerylmys_berdmoreiAnisomys_imitatorSolomys_sapientisSolomys_ponceletiSolomys_spriggsarumSolomys_salebrosusSolomys_salamonisHyomys_dammermaniHyomys_goliathMallomys_istapantapMallomys_aroaensisMallomys_gunungMallomys_rothschildiChiruromys_forbesiChiruromys_lamiaChiruromys_vatesCrossomys_moncktoniCoccymys_albidensCoccymys_ruemmleriParahydromys_asperMicrohydromys_musseriMicrohydromys_richardsoniLeptomys_elegansLeptomys_ernstmayriLeptomys_signatusPseudohydromys_murinusPseudohydromys_occidentalisParaleptomys_rufilatusParaleptomys_wilhelminaPseudohydromys_ellermaniPseudohydromys_fuscusLorentzimys_nouhuysiMacruromys_elegansMacruromys_majorPogonomelomys_bruijniPogonomelomys_mayeriAbeomelomys_seviaXenuromys_barbatusTaeromys_taeraeTaeromys_callitrichusTaeromys_microbullatusTaeromys_arcuatusTaeromys_hamatusTaeromys_celebensisTaeromys_punicansApomys_musculusApomys_insignisApomys_abraeApomys_microdonApomys_littoralisApomys_sacobianusApomys_hylocetesApomys_dataeArchboldomys_luzonensisCrunomys_melaniusCrunomys_celebensisCrunomys_fallaxChrotomys_silaceusChrotomys_whiteheadiChrotomys_mindorensisChrotomys_gonzalesiRhynchomys_isarogensisRhynchomys_soricoidesRhabdomys_pumilioRhabdomys_dilectusVandeleuria_noltheniiVandeleuria_oleraceaVandeleuria_nilagiricaArvicanthis_nairobaeArvicanthis_neumanniArvicanthis_rufinusArvicanthis_niloticusArvicanthis_ansorgeiArvicanthis_blickiArvicanthis_abyssinicusChiromyscus_chiropusAcomys_chudeauiAcomys_cahirinusAcomys_dimidiatusAcomys_seuratiAcomys_airensisAcomys_ignitusAcomys_spinosissimusAcomys_subspinosusAcomys_cineraceusAcomys_johannisAcomys_cilicicusAcomys_minousAcomys_wilsoniAcomys_kempiAcomys_percivaliAcomys_nesiotesAcomys_mullahAcomys_russatusAcomys_louisaeLophuromys_brunneusLophuromys_brevicaudusLophuromys_zenaLophuromys_chrysopusLophuromys_flavopunctatusLophuromys_melanonyxLophuromys_sikapusiLophuromys_ansorgeiLophuromys_eisentrautiLophuromys_medicaudatusLophuromys_luteogasterLophuromys_nudicaudusLophuromys_aquilusLophuromys_woosnamiLophuromys_rahmiUranomys_ruddiTryphomys_adustusAbditomys_latidensBullimus_bagobusBullimus_luzonicusLimnomys_sibuanusTarsomys_apoensisTarsomys_echinatusBunomys_penitusBunomys_coelestisBunomys_andrewsiBunomys_fratrorumBunomys_prolatusBunomys_chrysocomusStochomys_longicaudatusSrilankamys_ohiensisSundamys_maxiSundamys_muelleriSundamys_infraluteusChiropodomys_calamianensisChiropodomys_gliroidesChiropodomys_majorChiropodomys_pusillusChiropodomys_karlkoopmaniChiropodomys_muroidesHapalomys_delacouriHapalomys_longicaudatusHaeromys_pusillusHaeromys_margarettaeHaeromys_minahassaeMelomys_cervinipesMelomys_rubicolaParamelomys_rubexParamelomys_steiniMammelomys_rattoidesProtochromys_fellowsiParamelomys_mollisParamelomys_platyopsMelomys_obiensisMelomys_spechtiMammelomys_lanosusMelomys_frigicolaMelomys_burtoniMelomys_lutillusMelomys_dollmaniMelomys_capensisMelomys_bougainvilleMelomys_fraterculusMelomys_leucogasterMelomys_caurinusMelomys_talaudiumMelomys_arciumMelomys_fulgensParamelomys_lorentziiParamelomys_nasoMelomys_rufescensMelomys_aerosusParamelomys_levipesParamelomys_moncktoniUromys_hadrourusUromys_caudimaculatusUromys_siebersiUromys_rexUromys_neobritannicusUromys_anakZyzomys_argurusZyzomys_woodwardiZyzomys_mainiZyzomys_palatilisZyzomys_pedunculatusLeporillus_conditorConilurus_penicillatusMesembriomys_gouldiiMesembriomys_macrurusPseudomys_delicatulusPseudomys_nanusPseudomys_fumeusPseudomys_novaehollandiaePseudomys_laborifexPseudomys_calabyiPseudomys_pilligaensisPseudomys_johnsoniPseudomys_patriusPseudomys_fieldiPseudomys_higginsiPseudomys_shortridgeiPseudomys_bolamiPseudomys_albocinereusPseudomys_gracilicaudatusPseudomys_australisPseudomys_apodemoidesPseudomys_desertorPseudomys_hermannsburgensisPseudomys_chapmaniPseudomys_occidentalisMastacomys_fuscusPseudomys_oralisPseudomys_glaucusNotomys_fuscusNotomys_cervinusNotomys_alexisNotomys_aquiloNotomys_mitchelliiLeggadina_forrestiLeggadina_lakedownensisPogonomys_loriaePogonomys_fergussoniensisPogonomys_sylvestrisPogonomys_macrourusPogonomys_championiCremnomys_elviraMadromys_blanfordiCremnomys_cutchicusMillardia_kathleenaeMillardia_gleadowiMillardia_meltadaMillardia_kondanaDesmomys_harringtoniRattus_ranjiniaeRattus_stoicusRattus_hoogerwerfiRattus_annandaleiRattus_enganusRattus_novaeguineaeRattus_feliceusRattus_mordaxRattus_morotaiensisRattus_giluwensisRattus_jobiensisRattus_leucopusRattus_sanilaRattus_praetorRattus_steiniRattus_elaphinusRattus_norvegicusRattus_tiomanicusRattus_blangorumRattus_lugensRattus_koopmaniRattus_burrusRattus_argentiventerRattus_everettiRattus_tawitawiensisRattus_baluensisRattus_adustusRattus_loseaRattus_mindorensisRattus_osgoodiRattus_tanezumiRattus_nitidusRattus_palmarumRattus_andamanensisRattus_pyctorisRattus_rattusRattus_sataraeRattus_hoffmanniRattus_mollicomulusRattus_simalurensisRattus_exulansRattus_korinchiRattus_montanusRattus_bontanusRattus_marmosurusRattus_pelurusRattus_xanthurusRattus_saloccoRattus_tunneyiRattus_timorensisRattus_fuscipesRattus_villosissimusRattus_sordidusRattus_hainaldiRattus_collettiRattus_lutreolusPraomys_hartwigiPraomys_obscurusPraomys_rostratusPraomys_minorPraomys_morioPraomys_jacksoniPraomys_misonneiPraomys_delectorumPraomys_tullbergiPraomys_mutoniPithecheir_melanurusPithecheir_parvusAnonymomys_mindorensisAethomys_thomasiMicaelamys_grantiAethomys_bocageiAethomys_stannariusMicaelamys_namaquensisAethomys_kaiseriAethomys_chrysophilusAethomys_ineptusAethomys_hindeiAethomys_nyikaeAethomys_silindensisGrammomys_dolichurusGrammomys_aridulusGrammomys_dryasGrammomys_cometesGrammomys_canicepsGrammomys_minnaeGrammomys_kuruGrammomys_poensisGrammomys_gigasGrammomys_macmillaniGrammomys_buntingiGrammomys_ibeanusThallomys_shortridgeiThallomys_nigricaudaThallomys_loringiThallomys_paedulcusGolunda_elliotiLemniscomys_mittendorfiLemniscomys_striatusLemniscomys_linulusLemniscomys_macculusLemniscomys_griseldaLemniscomys_rosaliaLemniscomys_hoogstraaliLemniscomys_roseveariLemniscomys_barbarusLemniscomys_zebraLemniscomys_bellieriDiomys_crumpiDasymys_incomtusDasymys_alleniDasymys_montanusDasymys_nudipesDasymys_foxiDasymys_rufulusColomys_goslingiNilopegamys_plumbeusDacnomys_millardiPraomys_verschureniMalacomys_longipesPraomys_lukolelaeMalacomys_edwardsiMalacomys_cansdaleiMargaretamys_elegansMargaretamys_beccariiMargaretamys_parvusMelasmothrix_nasoTateomys_macrocercusTateomys_rhinogradoidesEchiothrix_leucuraEchiothrix_centrosaNiviventer_confucianusNiviventer_andersoniNiviventer_lepturusNiviventer_fulvescensNiviventer_brahmaNiviventer_culturatusNiviventer_cremoriventerNiviventer_coningaNiviventer_niviventerNiviventer_ehaNiviventer_tenasterNiviventer_excelsiorNiviventer_langbianisNiviventer_hinpoonNiviventer_rapitNiviventer_fraternusNiviventer_cameroniOtomys_tropicalisOtomys_dollmaniOtomys_burtoniOtomys_uzungwensisOtomys_orestesOtomys_dartmouthiOtomys_typusOtomys_jacksoniOtomys_irroratusOtomys_dentiOtomys_angoniensisOtomys_maximusOtomys_cuanzensisOtomys_laminatusOtomys_occidentalisMyotomys_sloggettiOtomys_saundersiaeMyotomys_unisulcatusOtomys_anchietaeOtomys_lacustrisOtomys_barbouriParotomys_brantsiiParotomys_littledaleiMicromys_minutusPalawanomys_furvusMuriculus_imberbisParuromys_dominatorPhloeomys_cumingiPhloeomys_pallidusDiplothrix_legataEropeplus_canusLenomys_meyeriHeimyscus_fumosusMylomys_dybowskiiMylomys_rexPelomys_isseliPelomys_hopkinsiPelomys_minorPelomys_fallaxPelomys_campanaeDephomys_defuaDephomys_eburneaeHybomys_univittatusHybomys_lunarisHybomys_basiliiHybomys_planifronsHybomys_badiusHybomys_trivirgatusHydromys_hussoniHydromys_chrysogasterHydromys_shawmayeriHydromys_neobritannicusHydromys_habbemaXeromys_myoidesHylomyscus_carillusHylomyscus_stellaHylomyscus_parvusHylomyscus_denniaeHylomyscus_aetaHylomyscus_grandisHylomyscus_baeriHylomyscus_alleniStenocephalemys_albipesMyomyscus_brockmaniMyomyscus_yemeniMyomyscus_verreauxiiPraomys_daltoniStenocephalemys_ruppiPraomys_derooiStenocephalemys_albocaudataStenocephalemys_griseicaudaNesokia_bunniiNesokia_indicaMus_macedonicusMus_cookiiMus_musculusMus_caroliMus_cervicolorMus_spicilegusMus_boodugaMus_terricolorMus_spretusMus_platythrixMus_phillipsiMus_fernandoniMus_saxicolaMus_shortridgeiMus_tenellusMus_goundaeMus_setzeriMus_setulosusMus_minutoidesMus_neaveiMus_oubanguiiMus_sorellaMus_musculoidesMus_haussaMus_baouleiMus_mattheyiMus_tritonMus_callewaertiMus_orangiaeMus_mahometMus_bufoMus_indutusMus_crociduroidesMus_famulusMus_pahariMus_vulcaniMus_mayoriMaxomys_baeodonMaxomys_suriferMaxomys_panglimaMaxomys_whiteheadiMaxomys_pagensisMaxomys_wattsiMaxomys_bartelsiiMaxomys_hellwaldiiMaxomys_inasMaxomys_rajahMaxomys_ochraceiventerMaxomys_hylomyoidesMaxomys_inflatusMaxomys_moiMaxomys_musschenbroekiiMaxomys_alticolaMaxomys_dollmaniHadromys_humeiHadromys_yunnanensisKadarsanomys_sodyiKomodomys_rintjanusPapagomys_armandvilleiLenothrix_canusMastomys_kollmannspergeriMastomys_natalensisMastomys_shortridgeiMastomys_pernanusMastomys_erythroleucusMastomys_couchaMastomys_hubertiMyomyscus_angolensisThamnomys_kempiThamnomys_majorThamnomys_venustusLamottemys_okuensisOenomys_hypoxanthusOenomys_ornatusLeopoldamys_siporanusLeopoldamys_sabanusLeopoldamys_neilliLeopoldamys_ciliatusLeopoldamys_milletiLeopoldamys_edwardsiCalomyscus_urartensisCalomyscus_baluchiCalomyscus_hotsoniCalomyscus_tsoloviCalomyscus_bailwardiCalomyscus_grandisCalomyscus_mystaxCalomyscus_elburzensisMesocricetus_newtoniMesocricetus_brandtiMesocricetus_auratusMesocricetus_raddeiAllocricetulus_curtatusAllocricetulus_eversmanniCricetus_cricetusPhodopus_campbelliPhodopus_roborovskiiPhodopus_sungorusCansumys_canusTscherskia_tritonCricetulus_alticolaCricetulus_sokoloviCricetulus_kamensisCricetulus_longicaudatusCricetulus_migratoriusCricetulus_barabensisHolochilus_brasiliensisLundomys_molitorHolochilus_chacariusHolochilus_sciureusPseudoryzomys_simplexDelomys_dorsalisDelomys_collinusDelomys_sublineatusJuscelinomys_candangoChilomys_instansChinchillula_sahamaeIrenomys_tarsalisAndalgalomys_olrogiAndalgalomys_pearsoniAuliscomys_boliviensisLoxodontomys_micropusAuliscomys_pictusAuliscomys_sublimisPhyllotis_darwiniPhyllotis_limatusPhyllotis_osilaePhyllotis_caprinusPhyllotis_wolffsohniPhyllotis_definitusPhyllotis_xanthopygusPhyllotis_bonariensisPhyllotis_haggardiPhyllotis_andiumPhyllotis_amicusParalomys_gerbillusPhyllotis_magisterPhyllotis_osgoodiGraomys_edithaeGraomys_griseoflavusGraomys_centralisGraomys_domorumOecomys_trinitatisOecomys_catherinaeOecomys_phaeotisOecomys_superansOecomys_rutilusOecomys_paricolaOecomys_auyantepuiOecomys_robertiOecomys_speciosusOecomys_mamoraeOecomys_cleberiOecomys_bicolorOecomys_flavicansOecomys_rexOecomys_concolorOligoryzomys_arenalisOligoryzomys_destructorOligoryzomys_delticolaOligoryzomys_magellanicusOligoryzomys_flavescensOligoryzomys_fulvescensOligoryzomys_griseolusOligoryzomys_microtisOligoryzomys_fornesiOligoryzomys_eliurusOligoryzomys_victusOligoryzomys_chacoensisOligoryzomys_andinusOligoryzomys_vegetusOligoryzomys_longicaudatusOligoryzomys_nigripesOxymycterus_incaOxymycterus_akodontiusOxymycterus_nasutusBrucepattersonius_iheringiOxymycterus_delatorOxymycterus_hispidusOxymycterus_quaestorOxymycterus_angularisOxymycterus_hucuchaOxymycterus_robertiOxymycterus_paramensisOxymycterus_rufusOxymycterus_dasytrichusOxymycterus_hiskaAbrawayaomys_ruschiiWiedomys_pyrrhorhinosNeotomys_ebriosusGeoxus_valdivianusNotiomys_edwardsiiRhipidomys_leucodactylusRhipidomys_latimanusRhipidomys_ochrogasterRhipidomys_macconnelliRhipidomys_mastacalisRhipidomys_macrurusRhipidomys_emiliaeRhipidomys_venustusRhipidomys_wetzeliRhipidomys_nitelaRhipidomys_couesiRhipidomys_modicusRhipidomys_austrinusRhipidomys_venezuelaeRhipidomys_fulviventerRhipidomys_caucensisNectomys_palmipesNectomys_apicalisNectomys_squamipesNectomys_magdalenaeNectomys_rattusNesoryzomys_swarthiNesoryzomys_fernandinaeNesoryzomys_indefessusEligmodontia_typusEligmodontia_morganiEligmodontia_moreniEligmodontia_puerulusReithrodon_auritusReithrodon_typicusRhagomys_rufescensGalenomys_garleppiAkodon_aerosusAkodon_budiniAkodon_siberiaeAkodon_serrensisNecromys_urichiAkodon_mollisAkodon_orophilusAkodon_lindberghiAkodon_albiventerAkodon_subfuscusAkodon_spegazziniiAkodon_kofordiAbrothrix_markhamiAkodon_sanctipaulensisAkodon_simulatorAkodon_molinaeAkodon_tobaAkodon_neocenusAkodon_variusAkodon_doloresAkodon_dayiAkodon_cursorAkodon_montensisAkodon_lutescensAbrothrix_olivaceusAkodon_azaraeAkodon_sylvanusAkodon_pervalensAkodon_torquesAkodon_iniscatusAkodon_surdusAkodon_fumeusAkodon_affinisAkodon_boliviensisAkodon_juninensisAkodon_bogotensisAkodon_mimusAkodon_latebricolaAbrothrix_illuteusThaptomys_nigritaAbrothrix_hershkovitziAbrothrix_sanborniAbrothrix_lanosusAbrothrix_longipilisDeltamys_kempiAbrothrix_andinusAbrothrix_jelskiiHandleyomys_fuscatusAepeomys_lugensThomasomys_ischyrusThomasomys_cinereiventerThomasomys_erroThomasomys_silvestrisThomasomys_cinnameusThomasomys_hudsoniThomasomys_gracilisThomasomys_taczanowskiiThomasomys_aureusThomasomys_praetorThomasomys_popayanusThomasomys_lanigerThomasomys_baeopsThomasomys_daphneThomasomys_vestitusThomasomys_bombycinusThomasomys_notatusThomasomys_niveipesThomasomys_oreasThomasomys_rhoadsiThomasomys_ladewiThomasomys_hylophilusThomasomys_monochromosThomasomys_kalinowskiiThomasomys_incanusThomasomys_pyrrhonotusThomasomys_rosalindaThomasomys_eleusisThomasomys_paramorumThomasomys_cinereusThomasomys_caudivariusBlarinomys_brevicepsAndinomys_edaxEuneomys_fossorEuneomys_mordaxEuneomys_petersoniEuneomys_chinchilloidesNecromys_lactensNecromys_benefactusNecromys_obscurusNecromys_punctulatusNecromys_temchukiNecromys_lasiurusNecromys_lenguarumNecromys_amoenusScolomys_melanopsScolomys_ucayalensisCalomys_sorellusCalomys_boliviaeCalomys_lauchaCalomys_callidusCalomys_expulsusCalomys_callosusCalomys_venustusCalomys_hummelinckiCalomys_tenerCalomys_musculinusCalomys_lepidusWilfredomys_oenaxJuliomys_pictipesThalpomys_cerradensisThalpomys_lasiotisSigmodontomys_alfariSigmodontomys_aphrastusPunomys_lemminusZygodontomys_brevicaudaZygodontomys_brunneusMelanomys_zunigaeMelanomys_caliginosusMelanomys_robustulusLenoxus_apicalisPhaenomys_ferrugineusPodoxymys_roraimaeChelemys_macronyxChelemys_megalonyxChelemys_delfiniOryzomys_dimidiatusOryzomys_auriventerOryzomys_megacephalusOryzomys_perenensisOryzomys_levipesOryzomys_lamiaOryzomys_russatusOryzomys_yunganusOryzomys_laticepsOryzomys_macconnelliOryzomys_galapagoensisOryzomys_hammondiOryzomys_nitidusOryzomys_melanotisOryzomys_legatusOryzomys_talamancaeOryzomys_rhabdopsOryzomys_rostratusOryzomys_gorgasiOryzomys_albigularisOryzomys_caracolusOryzomys_meridensisOryzomys_alfaroiOryzomys_angouyaOryzomys_keaysiOryzomys_xanthaeolusOryzomys_deviusOryzomys_palustrisHandleyomys_intectusOryzomys_poliusOryzomys_chapmaniOryzomys_balneatorOryzomys_couesiOryzomys_saturatiorOryzomys_subflavusOryzomys_bolivarisBibimys_torresiBibimys_chacoensisBibimys_labiosusKunsia_frontoKunsia_tomentosusScapteromys_tumidusScapteromys_aquaticusNeacomys_tenuipesNeacomys_guianaeNeacomys_spinosusNeacomys_pictusMicroryzomys_altissimusMicroryzomys_minutusNeusticomys_peruviensisNeusticomys_mussoiNeusticomys_venezuelaeNeusticomys_monticolusNeusticomys_oyapockiAnotomys_leanderRheomys_raptorRheomys_mexicanusRheomys_thomasiRheomys_underwoodiIchthyomys_stolzmanniIchthyomys_tweediiIchthyomys_pittieriIchthyomys_hydrobatesChibchanomys_trichotisSigmodon_hispidusSigmodon_hirsutusSigmodon_zanjonensisSigmodon_toltecusSigmodon_fulviventerSigmodon_alstoniSigmodon_mascotensisSigmodon_arizonaeSigmodon_leucotisSigmodon_ochrognathusSigmodon_peruanusSigmodon_alleniSigmodon_planifronsSigmodon_inopinatusNyctomys_sumichrastiOtonyctomys_hattiOtotylomys_phyllotisTylomys_panamensisTylomys_bullarisTylomys_nudicaudusTylomys_fulviventerTylomys_watsoniTylomys_tumbalensisTylomys_miraeBaiomys_musculusBaiomys_tayloriScotinomys_teguinaScotinomys_xerampelinusOchrotomys_nuttalliHabromys_chinantecoHabromys_simulatusHabromys_lophurusHabromys_lepturusHabromys_ixtlaniPodomys_floridanusNeotomodon_alstoniOsgoodomys_banderanusMegadontomys_thomasiMegadontomys_nelsoniMegadontomys_cryophilusPeromyscus_mayensisPeromyscus_gymnotisPeromyscus_hooperiPeromyscus_melanotisPeromyscus_bullatusPeromyscus_ochraventerPeromyscus_perfulvusPeromyscus_mekisturusPeromyscus_zarhynchusPeromyscus_trueiPeromyscus_californicusPeromyscus_stirtoniPeromyscus_canicepsPeromyscus_pectoralisPeromyscus_melanophrysPeromyscus_mexicanusPeromyscus_attwateriPeromyscus_keeniPeromyscus_nasutusPeromyscus_melanurusPeromyscus_merriamiPeromyscus_melanocarpusPeromyscus_gossypinusPeromyscus_megalopsPeromyscus_evaPeromyscus_difficilisPeromyscus_boyliiPeromyscus_spicilegusPeromyscus_aztecusPeromyscus_hylocetesPeromyscus_beataePeromyscus_sagaxPeromyscus_levipesPeromyscus_guardiaPeromyscus_guatemalensisPeromyscus_winkelmanniPeromyscus_gratusPeromyscus_yucatanicusPeromyscus_pseudocrinitusPeromyscus_poliusPeromyscus_polionotusPeromyscus_interparietalisPeromyscus_maniculatusPeromyscus_furvusPeromyscus_leucopusPeromyscus_eremicusPeromyscus_fraterculusPeromyscus_madrensisPeromyscus_sleviniPeromyscus_stephaniPeromyscus_grandisPeromyscus_dickeyiPeromyscus_simulusPeromyscus_crinitusPeromyscus_sejugisOnychomys_leucogasterOnychomys_arenicolaOnychomys_torridusIsthmomys_flavidusIsthmomys_pirrensisReithrodontomys_spectabilisReithrodontomys_gracilisReithrodontomys_mexicanusReithrodontomys_paradoxusReithrodontomys_darienensisReithrodontomys_brevirostrisReithrodontomys_rodrigueziReithrodontomys_creperReithrodontomys_tenuirostrisReithrodontomys_microdonReithrodontomys_fulvescensReithrodontomys_hirsutusReithrodontomys_chrysopsisReithrodontomys_raviventrisReithrodontomys_megalotisReithrodontomys_zacatecaeReithrodontomys_burtiReithrodontomys_humulisReithrodontomys_montanusReithrodontomys_sumichrastiHodomys_alleniXenomys_nelsoniNeotoma_phenaxNeotoma_lepidaNeotoma_bryantiNeotoma_deviaNeotoma_anthonyiNeotoma_goldmaniNeotoma_mexicanaNeotoma_bunkeriNeotoma_stephensiNeotoma_palatinaNeotoma_chrysomelasNeotoma_micropusNeotoma_albigulaNeotoma_leucodonNeotoma_nelsoniNeotoma_martinensisNeotoma_floridanaNeotoma_magisterNeotoma_angustapalataNeotoma_cinereaNeotoma_fuscipesNeotoma_macrotisNelsonia_goldmaniNelsonia_neotomodonDelanymys_brooksiPetromyscus_monticularisPetromyscus_collinusPetromyscus_barbouriPetromyscus_shortridgeiMyospalax_aspalaxEospalax_rothschildiEospalax_fontanieriiMyospalax_psilurusEospalax_smithiiMyospalax_myospalaxSpalax_nehringiSpalax_leucodonSpalax_ehrenbergiSpalax_arenariusSpalax_microphthalmusSpalax_giganteusSpalax_uralensisSpalax_zemniSpalax_graecusBrachyuromys_betsileoensisBrachyuromys_ramirohitraNesomys_audebertiNesomys_rufusNesomys_lambertoniHypogeomys_antimenaMacrotarsomys_bastardiMacrotarsomys_ingensBrachytarsomys_albicaudaBrachytarsomys_villosaEliurus_webbiEliurus_myoxinusEliurus_majoriEliurus_tanalaEliurus_penicillatusEliurus_minorGymnuromys_robertiLophiomys_imhausiMalacothrix_typicaPlatacanthomys_lasiurusTyphlomys_cinereusDendroprionomys_rousselotiPrionomys_batesiDeomys_ferrugineusLeimacomys_buettneriSteatomys_parvusSteatomys_caurinusSteatomys_cuppediusSteatomys_jacksoniSteatomys_pratensisSteatomys_opimusSteatomys_bocageiSteatomys_krebsiiDendromus_lovatiDendromus_oreasDendromus_kahuziensisDendromus_messoriusDendromus_nyasaeDendromus_melanotisDendromus_leucostomusDendromus_insignisDendromus_nyikaeDendromus_mesomelasDendromus_mystacalisDendromus_vernayiBeamys_hindeiBeamys_majorCricetomys_eminiCricetomys_kivuensisCricetomys_gambianusCricetomys_ansorgeiSaccostomus_campestrisSaccostomus_mearnsiMystromys_albicaudatusMegadendromus_nikolausiCastor_canadensisCastor_fiberPerognathus_merriamiPerognathus_inornatusPerognathus_longimembrisPerognathus_parvusPerognathus_flavescensPerognathus_fasciatusPerognathus_flavusPerognathus_amplusPerognathus_alticolusChaetodipus_formosusChaetodipus_arenariusChaetodipus_dalquestiChaetodipus_nelsoniChaetodipus_intermediusChaetodipus_lineatusChaetodipus_penicillatusChaetodipus_eremicusChaetodipus_goldmaniChaetodipus_artusChaetodipus_pernixChaetodipus_spinatusChaetodipus_fallaxChaetodipus_californicusChaetodipus_baileyiChaetodipus_rudinorisChaetodipus_hispidusDipodomys_ordiiDipodomys_gravipesDipodomys_ingensDipodomys_compactusDipodomys_californicusDipodomys_panamintinusDipodomys_heermanniDipodomys_stephensiDipodomys_venustusDipodomys_agilisDipodomys_simulansDipodomys_micropsDipodomys_phillipsiiDipodomys_elatorDipodomys_merriamiDipodomys_nitratoidesDipodomys_desertiDipodomys_spectabilisDipodomys_nelsoniMicrodipodops_megacephalusMicrodipodops_pallidusThomomys_bottaeThomomys_townsendiiThomomys_umbrinusThomomys_bulbivorusThomomys_mazamaThomomys_monticolaThomomys_talpoidesGeomys_personatusGeomys_tropicalisGeomys_brevicepsGeomys_attwateriGeomys_texensisGeomys_knoxjonesiGeomys_bursariusGeomys_arenariusGeomys_pinetisCratogeomys_fumosusPappogeomys_bulleriCratogeomys_zinseriPappogeomys_alcorniCratogeomys_neglectusCratogeomys_merriamiCratogeomys_gymnurusCratogeomys_tylorhinusCratogeomys_castanopsCratogeomys_goldmaniHeteromys_desmarestianusHeteromys_oresterusHeteromys_nelsoniLiomys_adspersusLiomys_salviniLiomys_pictusLiomys_spectabilisLiomys_irroratusHeteromys_australisHeteromys_anomalusHeteromys_gaumeriOrthogeomys_underwoodiOrthogeomys_thaeleriOrthogeomys_hispidusOrthogeomys_matagalpaeOrthogeomys_cuniculusOrthogeomys_cherrieiOrthogeomys_cavatorOrthogeomys_grandisOrthogeomys_dariensisOrthogeomys_heterodusOrthogeomys_laniusZygogeomys_trichopusOctodon_bridgesiOctodon_degusOctodon_lunatusCtenodactylus_gundiCtenodactylus_valiPectinator_spekeiMassoutiera_mzabiFelovia_vaeCtenomys_bergiCtenomys_fochiCtenomys_mendocinusCtenomys_pundtiCtenomys_jurisCtenomys_porteousiCtenomys_latroCtenomys_occultusCtenomys_perrensiCtenomys_magellanicusCtenomys_fodaxCtenomys_talarumCtenomys_bonettoiCtenomys_australisCtenomys_lewisiCtenomys_leucodonCtenomys_boliviensisCtenomys_goodfellowiCtenomys_opimusCtenomys_sociabilisCtenomys_argentinusCtenomys_tuconaxCtenomys_maulinusCtenomys_azaraeCtenomys_tucumanusCtenomys_coludoCtenomys_fulvusCtenomys_johannisCtenomys_tulducoCtenomys_famosusCtenomys_saltariusCtenomys_peruanusCtenomys_steinbachiCtenomys_minutusCtenomys_rionegrensisCtenomys_knightiCtenomys_viperinusCtenomys_pearsoniCtenomys_haigiCtenomys_torquatusCtenomys_pontifexCtenomys_validusCtenomys_conoveriCtenomys_sericeusCtenomys_colburniCtenomys_emilianusCtenomys_brasiliensisCtenomys_dorsalisCtenomys_sylvanusCtenomys_fraterCtenomys_budiniHeterocephalus_glaberHeliophobius_argenteocinereusCryptomys_zechiCryptomys_damarensisCryptomys_ochraceocinereusCryptomys_bocageiCryptomys_foxiCryptomys_mechowiCryptomys_amatusCryptomys_hottentotusCryptomys_darlingiGeorychus_capensisBathyergus_suillusBathyergus_janettaDolichotis_patagonumDolichotis_salinicolaKerodon_rupestrisCavia_apereaCavia_porcellusGalea_musteloidesGalea_spixiiGalea_flavidensCavia_magnaCavia_fulgidaCavia_tschudiiMicrocavia_niataMicrocavia_australisMicrocavia_shiptoniLagostomus_maximusChinchilla_lanigeraChinchilla_chinchillaLagidium_viscaciaLagidium_peruanumLagidium_wolffsohniAbrocoma_budiniAbrocoma_vaccarumAbrocoma_shistaceaAbrocoma_cinereaAbrocoma_famatinaSphiggurus_vestitusSphiggurus_pruinosusSphiggurus_mexicanusSphiggurus_insidiosusSphiggurus_melanurusSphiggurus_villosusSphiggurus_spinosusEchinoprocta_rufescensCoendou_prehensilisCoendou_bicolorCoendou_nycthemeraCoendou_rothschildiErethizon_dorsatumCuniculus_pacaCuniculus_taczanowskiiTrichys_fasciculataHystrix_sumatraeHystrix_pumilaHystrix_crassispinisHystrix_javanicaHystrix_brachyuraHystrix_indicaHystrix_africaeaustralisHystrix_cristataAtherurus_macrourusAtherurus_africanusMyoprocta_acouchyMyoprocta_prattiDasyprocta_fuliginosaDasyprocta_mexicanaDasyprocta_kalinowskiiDasyprocta_ruatanicaDasyprocta_azaraeDasyprocta_coibaeDasyprocta_punctataDasyprocta_leporinaDasyprocta_guamaraDasyprocta_cristataDasyprocta_prymnolophaAbrocoma_bennettiiAbrocoma_boliviensisDinomys_branickiiThryonomys_swinderianusThryonomys_gregorianusPetromus_typicusHydrochoerus_hydrochaerisHydrochoerus_isthmiusMyocastor_coypusProechimys_quadruplicatusOlallamys_albicaudaOlallamys_edaxKannabateomys_amblyonyxDactylomys_peruanusDactylomys_dactylinusDactylomys_boliviensisMakalata_obscuraMesomys_stimulaxMesomys_hispidusMesomys_lenicepsProechimys_oconnelliProechimys_simonsiProechimys_poliopusHoplomys_gymnurusEuryzygomatomys_spinosusThrichomys_apereoidesThrichomys_inermisProechimys_longicaudatusChaetomys_subspinosusProechimys_urichiProechimys_brevicaudaProechimys_robertiProechimys_goeldiiProechimys_chrysaeolusProechimys_canicollisLonchothrix_emiliaeCarterodon_sulcidensProechimys_guyannensisProechimys_decumanusTrinomys_albispinusProechimys_semispinosusProechimys_guairaeProechimys_hoplomyoidesProechimys_cuvieriProechimys_steereiProechimys_mincaeProechimys_magdalenaeTrinomys_myosurosProechimys_trinitatusTrinomys_paratusTrinomys_iheringiTrinomys_gratiosusTrinomys_dimidiatusClyomys_laticepsClyomys_bishopiTrinomys_setosusMakalata_didelphoidesMakalata_occasiusIsothrix_bistriataIsothrix_negrensisIsothrix_pagurusDiplomys_rufodorsalisDiplomys_labilisDiplomys_canicepsMakalata_grandisMakalata_macruraPhyllomys_thomasiPhyllomys_brasiliensisPhyllomys_unicolorPhyllomys_dasythrixPhyllomys_lamarumPhyllomys_nigrispinusCallistomys_pictusEchimys_semivillosusEchimys_chrysurusMakalata_rhipiduraEchimys_saturnusPhyllomys_blainvilliiPhyllomys_mediusCapromys_piloridesCapromys_gundlachianusGeocapromys_browniiGeocapromys_ingrahamiMysateles_meridionalisMysateles_garridoiMesocapromys_melanurusMysateles_prehensilisMesocapromys_angelcabreraiMesocapromys_sanfelipensisMesocapromys_nanusMesocapromys_auritusPlagiodontia_aediumIsolobodon_portoricensisSpalacopus_cyanusOctodontomys_gliroidesAconaemys_sageiAconaemys_fuscusAconaemys_porteriTympanoctomys_barreraeOctomys_mimaxAplodontia_rufaCynomys_gunnisoniCynomys_leucurusCynomys_parvidensCynomys_ludovicianusCynomys_mexicanusMarmota_menzbieriMarmota_caudataMarmota_baibacinaMarmota_bobakMarmota_camtschaticaMarmota_himalayanaMarmota_sibiricaMarmota_broweriMarmota_marmotaMarmota_monaxMarmota_flaviventrisMarmota_caligataMarmota_olympusMarmota_vancouverensisSpermophilus_washingtoniSpermophilus_tridecemlineatusSpermophilus_perotensisSpermophilus_frankliniiSpermophilus_undulatusSpermophilus_columbianusSpermophilus_parryiiSpermophilus_richardsoniiSpermophilus_armatusSpermophilus_atricapillusSpermophilus_xanthoprymnusSpermophilus_mollisSpermophilus_musicusSpermophilus_erythrogenysSpermophilus_brevicaudaSpermophilus_pallidicaudaSpermophilus_relictusSpermophilus_ralliSpermophilus_pygmaeusSpermophilus_suslicusSpermophilus_beldingiSpermophilus_adocetusSpermophilus_majorSpermophilus_citellusSpermophilus_fulvusSpermophilus_dauricusSpermophilus_spilosomaSpermophilus_beecheyiSpermophilus_madrensisSpermophilus_alashanicusSpermophilus_brunneusSpermophilus_townsendiiSpermophilus_tereticaudusSpermophilus_canusSpermophilus_mohavensisSpermophilus_annulatusSpermophilus_saturatusSpermophilus_mexicanusSpermophilus_elegansSpermophilus_lateralisSpermophilus_variegatusAmmospermophilus_interpresAmmospermophilus_harrisiiAmmospermophilus_leucurusAmmospermophilus_nelsoniAmmospermophilus_insularisTamias_striatusTamias_sibiricusTamias_amoenusTamias_quadrimaculatusTamias_durangaeTamias_canipesTamias_bulleriTamias_rufusTamias_quadrivittatusTamias_dorsalisTamias_cinereicollisTamias_palmeriTamias_umbrinusTamias_townsendiiTamias_senexTamias_sonomaeTamias_siskiyouTamias_merriamiTamias_obscurusTamias_ruficaudusTamias_ochrogenysTamias_speciosusTamias_minimusTamias_alpinusTamias_panamintinusMyosciurus_pumilioHeliosciurus_undulatusHeliosciurus_rufobrachiumHeliosciurus_gambianusHeliosciurus_ruwenzoriiHeliosciurus_punctatusHeliosciurus_mutabilisEpixerus_ebiiProtoxerus_stangeriProtoxerus_aubinniiFunisciurus_congicusFunisciurus_substriatusFunisciurus_isabellaFunisciurus_leucogenysFunisciurus_lemniscatusFunisciurus_anerythrusFunisciurus_bayoniiFunisciurus_pyrropusFunisciurus_carruthersiParaxerus_cepapiParaxerus_flavovittisParaxerus_alexandriParaxerus_luciferParaxerus_poensisParaxerus_vexillariusParaxerus_cooperiParaxerus_palliatusParaxerus_ochraceusParaxerus_boehmiParaxerus_vincentiSciurotamias_davidianusSciurotamias_forrestiSpermophilopsis_leptodactylusAtlantoxerus_getulusXerus_rutilusXerus_princepsXerus_inaurisXerus_erythropusFunambulus_palmarumFunambulus_sublineatusFunambulus_layardiFunambulus_pennantiiFunambulus_tristriatusNannosciurus_melanotisTamiops_mcclellandiiTamiops_rodolphiiTamiops_maritimusTamiops_swinhoeiDremomys_lokriahDremomys_everettiDremomys_pyrrhomerusDremomys_gularisDremomys_pernyiDremomys_rufigenisHyosciurus_heinrichiHyosciurus_ileileProsciurillus_murinusProsciurillus_weberiProsciurillus_leucomusProsciurillus_rosenbergiiProsciurillus_abstrususRubrisciurus_rubriventerMenetes_berdmoreiRhinosciurus_laticaudatusSundasciurus_philippinensisSundasciurus_juvencusSundasciurus_davensisSundasciurus_lowiiSundasciurus_samarensisSundasciurus_hoogstraaliSundasciurus_steeriiSundasciurus_fraterculusSundasciurus_jentinkiSundasciurus_tenuisSundasciurus_raboriSundasciurus_brookeiSundasciurus_hippurusSundasciurus_mindanensisSundasciurus_moellendorffiCallosciurus_prevostiiCallosciurus_canicepsCallosciurus_finlaysoniiCallosciurus_orestesCallosciurus_adamsiCallosciurus_notatusCallosciurus_erythraeusCallosciurus_baluensisCallosciurus_phayreiCallosciurus_melanogasterCallosciurus_quinquestriatusGlyphotes_simusLariscus_insignisLariscus_hoseiLariscus_niobeLariscus_obscurusExilisciurus_concinnusExilisciurus_exilisExilisciurus_whiteheadiTamiasciurus_hudsonicusTamiasciurus_douglasiiTamiasciurus_mearnsiSciurus_carolinensisSciurus_nigerSciurus_granatensisSciurus_flammiferSciurus_variegatoidesSciurus_anomalusSciurus_stramineusSciurus_lisSciurus_igniventrisSciurus_spadiceusSciurus_arizonensisSciurus_oculatusSciurus_griseusSciurus_alleniSciurus_richmondiSciurus_colliaeiSciurus_sanborniSciurus_aureogasterSciurus_pyrrhinusSciurus_aestuansSciurus_vulgarisSciurus_ignitusSciurus_yucatanensisSciurus_gilvigularisSciurus_pucheraniiSciurus_nayaritensisSciurus_deppeiRheithrosciurus_macrotisMicrosciurus_flaviventerMicrosciurus_mimulusMicrosciurus_santanderensisMicrosciurus_alfariSyntheosciurus_brochusBelomys_pearsoniiBiswamoyopterus_biswasiTrogopterus_xanthipesPteromyscus_pulverulentusAeromys_tephromelasAeromys_thomasiEupetaurus_cinereusAeretes_melanopterusPteromys_volansPteromys_momongaPetaurista_petauristaPetaurista_philippensisPetaurista_alborufusPetaurista_nobilisPetaurista_magnificusPetaurista_elegansPetaurista_xanthotisPetaurista_leucogenysGlaucomys_volansGlaucomys_sabrinusEoglaucomys_fimbriatusHylopetes_lepidusHylopetes_platyurusHylopetes_bartelsiHylopetes_siporaHylopetes_spadiceusHylopetes_winstoniHylopetes_phayreiHylopetes_albonigerHylopetes_nigripesPetinomys_sagittaPetinomys_genibarbisPetinomys_hageniPetinomys_setosusPetinomys_fuscocapillusPetinomys_vordermanniPetinomys_crinitusPetinomys_mindanensisPetinomys_lugensPetaurillus_hoseiPetaurillus_emiliaePetaurillus_kinlochiiIomys_horsfieldiiIomys_siporaRatufa_bicolorRatufa_affinisRatufa_indicaRatufa_macrouraCallosciurus_pygerythrusCallosciurus_albescensCallosciurus_nigrovittatusSciurillus_pusillusDryomys_nitedulaChaetocauda_sichuanensisDryomys_lanigerEliomys_melanurusEliomys_munbyanusEliomys_quercinusMyomimus_personatusMyomimus_setzeriMyomimus_roachiSelevinia_betpakdalaensisMuscardinus_avellanariusGlis_glisGlirulus_japonicusGraphiurus_ocularisGraphiurus_monardiGraphiurus_kelleniGraphiurus_johnstoniGraphiurus_platyopsGraphiurus_angolensisGraphiurus_christyiGraphiurus_microtisGraphiurus_lorraineusGraphiurus_surdusGraphiurus_rupicolaGraphiurus_murinusGraphiurus_crassicaudatusGraphiurus_nagtglasiiBrachylagus_idahoensisNesolagus_netscheriSylvilagus_brasiliensisSylvilagus_diceiSylvilagus_aquaticusSylvilagus_palustrisSylvilagus_insonusSylvilagus_cuniculariusSylvilagus_graysoniSylvilagus_floridanusSylvilagus_robustusSylvilagus_cognatusSylvilagus_transitionalisSylvilagus_auduboniiSylvilagus_nuttalliiSylvilagus_bachmaniSylvilagus_mansuetusCaprolagus_hispidusPoelagus_marjoritaLepus_alleniLepus_callotisLepus_flavigularisLepus_californicusLepus_insularisLepus_americanusLepus_arcticusLepus_othusLepus_timidusLepus_townsendiiLepus_brachyurusLepus_mandshuricusLepus_coreanusLepus_sinensisLepus_castroviejoiLepus_corsicanusLepus_europaeusLepus_granatensisLepus_comusLepus_oiostolusLepus_capensisLepus_habessinicusLepus_tolaiLepus_tibetanusLepus_starckiLepus_yarkandensisLepus_faganiLepus_saxatilisLepus_microtisLepus_hainanusLepus_nigricollisLepus_peguensisOryctolagus_cuniculusBunolagus_monticularisRomerolagus_diaziPentalagus_furnessiPronolagus_crassicaudatusPronolagus_rupestrisPronolagus_randensisOchotona_alpinaOchotona_argentataOchotona_hyperboreaOchotona_turuchanensisOchotona_collarisOchotona_princepsOchotona_pallasiOchotona_erythrotisOchotona_gloveriOchotona_muliensisOchotona_ladacensisOchotona_rutilaOchotona_koslowiOchotona_rufescensOchotona_himalayanaOchotona_iliensisOchotona_macrotisOchotona_royleiOchotona_cansusOchotona_forrestiOchotona_gaoligongensisOchotona_thomasiOchotona_thibetanaOchotona_huangensisOchotona_nubricaOchotona_curzoniaeOchotona_dauuricaOchotona_pusillaAllenopithecus_nigroviridisCercopithecus_dianaCercopithecus_rolowayCercopithecus_dryasCercopithecus_neglectusCercopithecus_campbelliCercopithecus_loweiCercopithecus_monaCercopithecus_pogoniasCercopithecus_wolfiCercopithecus_dentiCercopithecus_erythrogasterCercopithecus_erythrotisCercopithecus_cephusCercopithecus_sclateriCercopithecus_ascaniusCercopithecus_petauristaCercopithecus_kandtiCercopithecus_albogularisCercopithecus_doggettiCercopithecus_mitisCercopithecus_nictitansCercopithecus_hamlyniCercopithecus_lhoestiCercopithecus_preussiCercopithecus_solatusChlorocebus_aethiopsChlorocebus_djamdjamensisChlorocebus_cynosurosChlorocebus_sabaeusChlorocebus_tantalusChlorocebus_pygerythrusErythrocebus_patasMiopithecus_talapoinMandrillus_leucophaeusMandrillus_sphinxCercocebus_agilisCercocebus_chrysogasterCercocebus_sanjeiCercocebus_torquatusCercocebus_atysLophocebus_albigenaLophocebus_aterrimusLophocebus_opdenboschiPapio_ursinusPapio_papioPapio_hamadryasPapio_cynocephalusPapio_anubisTheropithecus_geladaMacaca_sylvanusMacaca_arctoidesMacaca_assamensisMacaca_thibetanaMacaca_radiataMacaca_sinicaMacaca_cyclopisMacaca_mulattaMacaca_fuscataMacaca_fascicularisMacaca_nigraMacaca_nigrescensMacaca_ochreataMacaca_tonkeanaMacaca_heckiMacaca_mauraMacaca_nemestrinaMacaca_pagensisMacaca_leoninaMacaca_silenusColobus_angolensisColobus_guerezaColobus_polykomosColobus_vellerosusColobus_satanasPiliocolobus_kirkiiPiliocolobus_pennantiiPiliocolobus_foaiPiliocolobus_gordonorumPiliocolobus_tephroscelesPiliocolobus_tholloniPiliocolobus_badiusPiliocolobus_preussiPiliocolobus_rufomitratusProcolobus_verusSimias_concolorNasalis_larvatusTrachypithecus_obscurusTrachypithecus_auratusTrachypithecus_phayreiTrachypithecus_geeiTrachypithecus_pileatusTrachypithecus_shortridgeiTrachypithecus_germainiTrachypithecus_cristatusTrachypithecus_barbeiTrachypithecus_hatinhensisTrachypithecus_poliocephalusTrachypithecus_delacouriTrachypithecus_francoisiTrachypithecus_laotumSemnopithecus_schistaceusSemnopithecus_ajaxSemnopithecus_hectorSemnopithecus_dussumieriSemnopithecus_entellusSemnopithecus_priamSemnopithecus_hypoleucosTrachypithecus_vetulusTrachypithecus_johniiPresbytis_hoseiPresbytis_comataPresbytis_thomasiPresbytis_potenzianiPresbytis_frontataPresbytis_rubicundaPresbytis_natunaePresbytis_siamensisPresbytis_femoralisPresbytis_chrysomelasPresbytis_melalophosRhinopithecus_avunculusRhinopithecus_bietiRhinopithecus_brelichiRhinopithecus_roxellanaPygathrix_nemaeusPygathrix_nigripesGorilla_gorillaGorilla_beringeiHomo_sapiensPan_paniscusPan_troglodytesPongo_pygmaeusPongo_abeliiHylobates_larHylobates_agilisHylobates_albibarbisHylobates_muelleriHylobates_pileatusHylobates_molochHylobates_klossiiBunopithecus_hoolockSymphalangus_syndactylusNomascus_concolorNomascus_hainanusNomascus_leucogenysNomascus_gabriellaeNomascus_sikiAlouatta_carayaAlouatta_belzebulAlouatta_nigerrimaAlouatta_pigraAlouatta_coibensisAlouatta_palliataAlouatta_guaribaAlouatta_saraAlouatta_seniculusAlouatta_macconnelliAteles_belzebuthAteles_hybridusAteles_chamekAteles_marginatusAteles_fuscicepsAteles_geoffroyiAteles_paniscusBrachyteles_arachnoidesBrachyteles_hypoxanthusOreonax_flavicaudaLagothrix_poeppigiiLagothrix_canaLagothrix_lugensLagothrix_lagotrichaCacajao_calvusCacajao_melanocephalusChiropotes_albinasusChiropotes_israelitaChiropotes_utahickaeChiropotes_satanasChiropotes_chiropotesPithecia_albicansPithecia_irrorataPithecia_monachusPithecia_aequatorialisPithecia_pitheciaCallicebus_brunneusCallicebus_hoffmannsiCallicebus_baptistaCallicebus_cinerascensCallicebus_molochCallicebus_caligatusCallicebus_discolorCallicebus_cupreusCallicebus_ornatusCallicebus_dubiusCallicebus_olallaeCallicebus_modestusCallicebus_oenantheCallicebus_donacophilusCallicebus_pallescensCallicebus_luciferCallicebus_medemiCallicebus_lugensCallicebus_purinusCallicebus_regulusCallicebus_torquatusAotus_vociferansAotus_trivirgatusAotus_nigricepsCallicebus_personatusCallicebus_nigrifronsCallicebus_melanochirCallicebus_barbarabrownaeCebus_albifronsCebus_capucinusCebus_olivaceusCebus_xanthosternosCebus_nigritusCebus_apellaCebus_libidinosusSaimiri_boliviensisSaimiri_vanzoliniiSaimiri_oerstediiSaimiri_sciureusSaimiri_ustusCallimico_goeldiiCallithrix_leucippeCallithrix_melanuraCallithrix_intermediaCallithrix_emiliaeCallithrix_argentataCallithrix_humeraliferaCallithrix_chrysoleucaCallithrix_pygmaeaCallithrix_auritaCallithrix_flavicepsCallithrix_geoffroyiCallithrix_kuhliiCallithrix_jacchusCallithrix_penicillataLeontopithecus_caissaraLeontopithecus_chrysopygusLeontopithecus_rosaliaLeontopithecus_chrysomelasSaguinus_fuscicollisSaguinus_melanoleucusSaguinus_tripartitusSaguinus_nigricollisSaguinus_graellsiSaguinus_bicolorSaguinus_martinsiSaguinus_midasSaguinus_nigerSaguinus_geoffroyiSaguinus_oedipusSaguinus_leucopusSaguinus_imperatorSaguinus_labiatusSaguinus_mystaxSaguinus_pileatusSaguinus_inustusAotus_nancymaaeAotus_azaraeAotus_lemurinusAotus_miconaxAotus_hershkovitziTarsius_bancanusTarsius_pumilusTarsius_dentatusTarsius_syrichtaTarsius_tarsierTarsius_pelengensisTarsius_sangirensisAllocebus_trichotisMirza_coquereliMicrocebus_murinusMicrocebus_griseorufusMicrocebus_myoxinusMicrocebus_rufusCheirogaleus_majorCheirogaleus_adipicaudatusCheirogaleus_crossleyiCheirogaleus_sibreeiCheirogaleus_mediusPhaner_parientiPhaner_furciferPhaner_pallescensPhaner_electromontisAvahi_lanigerAvahi_occidentalisPropithecus_tattersalliPropithecus_edwardsiPropithecus_diademaPropithecus_perrieriPropithecus_coquereliPropithecus_verreauxiPropithecus_deckeniiIndri_indriDaubentonia_madagascariensisVarecia_variegataVarecia_rubraEulemur_coronatusEulemur_sanfordiEulemur_albocollarisEulemur_rufifronsEulemur_fulvusEulemur_collarisEulemur_cinereicepsEulemur_albifronsEulemur_macacoEulemur_mongozEulemur_rubriventerLemur_cattaHapalemur_alaotrensisHapalemur_occidentalisHapalemur_griseusProlemur_simusHapalemur_aureusLepilemur_edwardsiLepilemur_ruficaudatusLepilemur_septentrionalisLepilemur_ankaranensisLepilemur_leucopusLepilemur_dorsalisLepilemur_microdonLepilemur_mustelinusArctocebus_aureusArctocebus_calabarensisPerodicticus_pottoLoris_tardigradusLoris_lydekkerianusNycticebus_coucangNycticebus_bengalensisNycticebus_pygmaeusGalago_matschieiGalago_gallarumOtolemur_crassicaudatusOtolemur_monteiriOtolemur_garnettiiEuoticus_elegantulusEuoticus_pallidusGalago_moholiGalago_nyasaeGalago_senegalensisGalago_gabonensisGalago_alleniGalago_cameronensisGalago_thomasiGalago_demidoffGalago_orinusGalago_grantiGalago_zanzibaricusGaleopterus_variegatesCynocephalus_volansPtilocercus_lowiiAnathana_elliotiUrogale_everettiDendrogale_melanuraDendrogale_murinaTupaia_minorTupaia_pictaTupaia_javanicaTupaia_glisTupaia_gracilisTupaia_chrysogasterTupaia_belangeriTupaia_montanaTupaia_longipesTupaia_nicobaricaTupaia_tanaTupaia_palawanensisTupaia_moellendorffiTupaia_dorsalisTupaia_splendidulaKobus_ellipsiprymnusKobus_lecheKobus_megacerosKobus_kobKobus_vardoniiRedunca_arundinumRedunca_reduncaRedunca_fulvorufulaPelea_capreolusAepyceros_melampusProcapra_picticaudataProcapra_przewalskiiProcapra_gutturosaAntilope_cervicapraGazella_bennettiiGazella_saudiyaGazella_cuvieriGazella_leptocerosGazella_subgutturosaGazella_dorcasGazella_gazellaGazella_erlangeriGazella_spekeiEudorcas_rufifronsEudorcas_thomsoniiNanger_damaNanger_soemmerringiiNanger_grantiAmmodorcas_clarkeiLitocranius_walleriAntidorcas_marsupialisSaiga_tataricaSaiga_borealisCephalophus_dorsalisCephalophus_silvicultorCephalophus_spadixCephalophus_jentinkiCephalophus_ogilbyiCephalophus_brookeiCephalophus_callipygusCephalophus_weynsiCephalophus_nigerCephalophus_leucogasterCephalophus_zebraCephalophus_harveyiCephalophus_nigrifronsCephalophus_rufilatusCephalophus_adersiSylvicapra_grimmiaPhilantomba_maxwelliiPhilantomba_monticolaMadoqua_piacentiniiMadoqua_saltianaNeotragus_moschatusOreotragus_oreotragusNeotragus_batesiOurebia_ourebiDorcatragus_megalotisRaphicerus_campestrisRaphicerus_sharpeiRaphicerus_melanotisMadoqua_guentheriNeotragus_pygmaeusMadoqua_kirkiiAddax_nasomaculatusOryx_leucoryxOryx_dammahOryx_gazellaOryx_beisaHippotragus_equinusHippotragus_nigerBeatragus_hunteriDamaliscus_lunatusDamaliscus_korrigumDamaliscus_pygargusAlcelaphus_buselaphusAlcelaphus_caamaAlcelaphus_lichtensteiniiConnochaetes_gnouConnochaetes_taurinusBudorcas_taxicolorOvis_ammonOvis_ariesOvis_canadensisOvis_dalliOvis_nivicolaCapra_walieCapra_falconeriCapra_hircusCapra_pyrenaicaHemitragus_jemlahicusHemitragus_hylocriusHemitragus_jayakariCapra_nubianaCapra_sibiricaCapra_caucasicaCapra_ibexPseudois_nayaurPseudois_schaeferiAmmotragus_lerviaRupicapra_pyrenaicaRupicapra_rupicapraCapricornis_crispusOvibos_moschatusNaemorhedus_goralCapricornis_swinhoeiNaemorhedus_caudatusNaemorhedus_griseusNaemorhedus_baileyiCapricornis_tharCapricornis_rubidusCapricornis_milneedwardsiiCapricornis_sumatraensisOreamnos_americanusPantholops_hodgsoniiBison_bisonBison_bonasusBos_grunniensBos_sauveliBos_taurusBos_frontalisBos_javanicusBubalus_quarlesiBubalus_bubalisBubalus_depressicornisBubalus_mindorensisSyncerus_cafferBoselaphus_tragocamelusTetracerus_quadricornisTragelaphus_angasiiTragelaphus_buxtoniTragelaphus_imberbisTragelaphus_eurycerusTragelaphus_spekiiTragelaphus_scriptusTaurotragus_derbianusTaurotragus_oryxTragelaphus_strepsicerosAlces_alcesAlces_americanusCapreolus_capreolusCapreolus_pygargusHydropotes_inermisPudu_mephistophilesPudu_pudaBlastocerus_dichotomusMazama_temamaMazama_pandoraMazama_americanaMazama_rufinaMazama_nanaMazama_gouazoubiraMazama_briceniiMazama_chunyiHippocamelus_antisensisHippocamelus_bisulcusOzotoceros_bezoarticusOdocoileus_hemionusOdocoileus_virginianusRangifer_tarandusAxis_axisAxis_kuhliiAxis_porcinusAxis_calamianensisElaphurus_davidianusRusa_alfrediRusa_mariannaPrzewalskium_albirostrisCervus_nipponRusa_unicolorRusa_timorensisCervus_elaphusRucervus_eldiiRucervus_duvauceliiDama_damaElaphodus_cephalophusMuntiacus_muntjakMuntiacus_crinifronsMuntiacus_reevesiMuntiacus_feaeMuntiacus_rooseveltorumMuntiacus_gongshanensisMuntiacus_atherodesMoschus_berezovskiiMoschus_anhuiensisMoschus_cupreusMoschus_chrysogasterMoschus_leucogasterMoschus_fuscusMoschus_moschiferusAntilocapra_americanaGiraffa_camelopardalisOkapia_johnstoniTragulus_williamsoniTragulus_kanchilTragulus_javanicusTragulus_napuTragulus_nigricansTragulus_versicolorMoschiola_meminnaHyemoschus_aquaticusPhocoena_sinusPhocoena_spinipinnisNeophocaena_phocaenoidesPhocoena_phocoenaPhocoena_dioptricaPhocoenoides_dalliOrcaella_brevirostrisLagenorhynchus_acutusGrampus_griseusStenella_longirostrisLagenodelphis_hoseiLagenorhynchus_albirostrisOrcinus_orcaFeresa_attenuataPseudorca_crassidensGlobicephala_macrorhynchusGlobicephala_melasPeponocephala_electraStenella_frontalisDelphinus_delphisDelphinus_capensisStenella_attenuataTursiops_truncatusTursiops_aduncusStenella_clymeneStenella_coeruleoalbaSotalia_fluviatilisSousa_chinensisSousa_teusziiCephalorhynchus_commersoniiCephalorhynchus_eutropiaCephalorhynchus_hectoriCephalorhynchus_heavisidiiLagenorhynchus_obliquidensLagenorhynchus_obscurusLagenorhynchus_australisLagenorhynchus_crucigerLissodelphis_borealisLissodelphis_peroniiSteno_bredanensisDelphinapterus_leucasMonodon_monocerosInia_geoffrensisPontoporia_blainvilleiLipotes_vexilliferMesoplodon_europaeusIndopacetus_pacificusMesoplodon_mirusMesoplodon_densirostrisMesoplodon_carlhubbsiHyperoodon_ampullatusHyperoodon_planifronsMesoplodon_stejnegeriMesoplodon_grayiMesoplodon_layardiiMesoplodon_traversiiBerardius_arnuxiiTasmacetus_shepherdiMesoplodon_bowdoiniMesoplodon_peruvianusMesoplodon_ginkgodensZiphius_cavirostrisBerardius_bairdiiMesoplodon_hectoriMesoplodon_bidensPlatanista_gangeticaPlatanista_minorKogia_brevicepsKogia_simaPhyseter_catodonBalaena_mysticetusEubalaena_australisEubalaena_glacialisEubalaena_japonicaCaperea_marginataBalaenoptera_acutorostrataBalaenoptera_bonaerensisMegaptera_novaeangliaeBalaenoptera_musculusBalaenoptera_physalusBalaenoptera_borealisBalaenoptera_edeniEschrichtius_robustusHexaprotodon_liberiensisHippopotamus_amphibiusBabyrousa_celebensisBabyrousa_togeanensisBabyrousa_bolabatuensisBabyrousa_babyrussaPotamochoerus_larvatusPotamochoerus_porcusSus_barbatusSus_ahoenobarbusSus_bucculentusSus_celebensisSus_scrofaSus_cebifronsSus_salvaniusSus_philippensisSus_verrucosusHylochoerus_meinertzhageniPhacochoerus_aethiopicusPhacochoerus_africanusCatagonus_wagneriTayassu_pecariPecari_tajacuCamelus_bactrianusCamelus_dromedariusLama_glamaVicugna_vicugnaRhinoceros_sondaicusRhinoceros_unicornisDicerorhinus_sumatrensisCeratotherium_simumDiceros_bicornisTapirus_bairdiiTapirus_pinchaqueTapirus_terrestrisTapirus_indicusEquus_zebraEquus_burchelliiEquus_grevyiEquus_asinusEquus_kiangEquus_hemionusEquus_caballusArctonyx_collarisMeles_leucurusMeles_melesMeles_anakumaMydaus_javanensisMydaus_marcheiTaxidea_taxusMelogale_everettiMelogale_orientalisMelogale_personataMelogale_moschataLutrogale_perspicillataHydrictis_maculicollisPteronura_brasiliensisEnhydra_lutrisAonyx_capensisAonyx_cinereaLontra_felinaLontra_provocaxLontra_longicaudisLontra_canadensisLutra_lutraLutra_nipponLutra_sumatranaConepatus_chingaConepatus_leuconotusConepatus_humboldtiiConepatus_semistriatusMephitis_macrouraMephitis_mephitisSpilogale_gracilisSpilogale_putoriusSpilogale_angustifronsSpilogale_pygmaeaMartes_pennantiMartes_americanaMartes_melampusMartes_zibellinaMartes_martesMartes_foinaMartes_flavigulaMartes_gwatkinsiiGulo_guloEira_barbaraGalictis_cujaGalictis_vittataLyncodon_patagonicusIctonyx_libycaIctonyx_striatusVormela_peregusnaPoecilogale_albinuchaMustela_strigidorsaMustela_lutreolinaMustela_lutreolaMustela_sibiricaMustela_itatsiMustela_nudipesMustela_eversmaniiMustela_nigripesMustela_putoriusMustela_altaicaMustela_ermineaMustela_frenataMustela_nivalisMustela_subpalmataMustela_africanaMustela_felipeiMustela_kathiahNeovison_macrodonNeovison_visonMellivora_capensisProcyon_cancrivorusProcyon_lotorProcyon_pygmaeusNasua_naricaNasua_nasuaNasuella_olivaceaBassariscus_astutusBassariscus_sumichrastiBassaricyon_alleniBassaricyon_lasiusBassaricyon_beddardiBassaricyon_gabbiiBassaricyon_pauliPotos_flavusAilurus_fulgensOdobenus_rosmarusCallorhinus_ursinusNeophoca_cinereaPhocarctos_hookeriOtaria_flavescensEumetopias_jubatusZalophus_japonicusZalophus_californianusZalophus_wollebaekiArctocephalus_philippiiArctocephalus_galapagoensisArctocephalus_forsteriArctocephalus_australisArctocephalus_townsendiArctocephalus_gazellaArctocephalus_tropicalisArctocephalus_pusillusPusa_hispidaPusa_caspicaPusa_sibiricaPhoca_larghaPhoca_vitulinaHalichoerus_grypusHistriophoca_fasciataPagophilus_groenlandicusCystophora_cristataErignathus_barbatusHydrurga_leptonyxLobodon_carcinophagaLeptonychotes_weddelliiOmmatophoca_rossiiMirounga_angustirostrisMirounga_leoninaMonachus_schauinslandiMonachus_monachusUrsus_arctosUrsus_maritimusUrsus_thibetanusUrsus_americanusHelarctos_malayanusMelursus_ursinusTremarctos_ornatusAiluropoda_melanoleucaAtelocynus_microtisSpeothos_venaticusCuon_alpinusChrysocyon_brachyurusCanis_latransCanis_lupusCanis_simensisCanis_adustusCanis_aureusCanis_mesomelasLycaon_pictusCerdocyon_thousLycalopex_fulvipesLycalopex_griseusLycalopex_sechuraeLycalopex_gymnocercusLycalopex_culpaeusLycalopex_vetulusNyctereutes_procyonoidesVulpes_corsacVulpes_ferrilataVulpes_rueppelliiVulpes_vulpesVulpes_lagopusVulpes_veloxVulpes_macrotisVulpes_canaVulpes_zerdaVulpes_pallidaVulpes_bengalensisVulpes_chamaUrocyon_cinereoargenteusUrocyon_littoralisOtocyon_megalotisPanthera_leoPanthera_pardusPanthera_oncaPanthera_tigrisUncia_unciaNeofelis_nebulosaPardofelis_marmorataLynx_canadensisLynx_lynxLynx_pardinusLynx_rufusCatopuma_badiaPardofelis_temminckiiProfelis_aurataLeopardus_geoffroyiLeopardus_tigrinusLeopardus_guignaLeopardus_braccatusLeopardus_pajerosLeopardus_colocoloLeopardus_jacobitusLeopardus_pardalisLeopardus_wiediiFelis_margaritaFelis_nigripesFelis_silvestrisFelis_catusFelis_bietiFelis_chausFelis_manulCaracal_aurataLeptailurus_servalPrionailurus_bengalensisPrionailurus_iriomotensisPrionailurus_viverrinusPrionailurus_rubiginosusPrionailurus_planicepsPuma_yagouaroundiPuma_concolorAcinonyx_jubatusHyaena_brunneaCrocuta_crocutaHyaena_hyaenaProteles_cristataGalerella_flavescensGalerella_pulverulentaGalerella_sanguineaGalerella_ochraceaHerpestes_ichneumonHerpestes_urvaHerpestes_edwardsiHerpestes_javanicusHerpestes_brachyurusHerpestes_fuscusHerpestes_smithiiHerpestes_nasoHerpestes_vitticollisHerpestes_semitorquatusHelogale_hirtulaHelogale_parvulaMungos_gambianusMungos_mungoCrossarchus_obscurusCrossarchus_platycephalusCrossarchus_ansorgeiCrossarchus_alexandriIchneumia_albicaudaSuricata_suricattaBdeogale_crassicaudaBdeogale_jacksoniBdeogale_nigripesLiberiictis_kuhniCynictis_penicillataParacynictis_selousiRhynchogale_melleriAtilax_paludinosusDologale_dybowskiiMungotictis_decemlineataSalanoia_concolorGalidia_elegansGalidictis_fasciataGalidictis_grandidieriGenetta_abyssinicaGenetta_thierryiGenetta_johnstoniGenetta_angolensisGenetta_pardinaGenetta_poensisGenetta_maculataGenetta_genettaGenetta_tigrinaGenetta_servalinaGenetta_cristataGenetta_victoriaePrionodon_linsangPrionodon_pardicolorPoiana_richardsoniiPoiana_leightoniGenetta_piscivoraViverra_civettinaViverra_megaspilaViverra_tangalungaViverra_zibethaViverricula_indicaCivettictis_civettaParadoxurus_jerdoniParadoxurus_zeylonensisParadoxurus_hermaphroditusArctictis_binturongPaguma_larvataMacrogalidia_musschenbroekiiArctogalidia_trivirgataNandinia_binotataDiplogale_hoseiChrotogale_owstoniHemigalus_derbyanusCynogale_bennettiiEupleres_goudotiiFossa_fossanaCryptoprocta_feroxManis_javanicaManis_culionensisManis_crassicaudataManis_pentadactylaManis_temminckiiPhataginus_tricuspisManis_giganteaManis_tetradactylaParanyctimene_raptorNyctimene_raboriNyctimene_malaitensisNyctimene_cephalotesNyctimene_masalaiNyctimene_vizcacciaNyctimene_certansNyctimene_cyclotisNyctimene_aelloNyctimene_minutusNyctimene_albiventerNyctimene_draconillaNyctimene_majorNyctimene_robinsoniDyacopterus_spadiceusDyacopterus_brooksiPtenochirus_jagoriPtenochirus_minorMegaerops_kusnotoiMegaerops_niphanaeMegaerops_wetmoreiMegaerops_ecaudatusCynopterus_sphinxCynopterus_minutusCynopterus_luzoniensisCynopterus_brachyotisCynopterus_nusatenggaraCynopterus_horsfieldiiCynopterus_titthaecheilusAethalops_alectoAethalops_aequalisBalionycteris_maculataChironax_melanocephalusSphaerias_blanfordiLatidens_salimaliiPenthetor_lucasiThoopterus_nigrescensAlionycteris_paucidentataOtopteropus_cartilagonodusHaplonycteris_fischeriRousettus_bidensMegaloglossus_woermanniLissonycteris_angolensisRousettus_lanosusRousettus_madagascariensisRousettus_leschenaultiiRousettus_aegyptiacusRousettus_spinalatusRousettus_celebensisRousettus_obliviosusRousettus_amplexicaudatusMyonycteris_brachycephalaMyonycteris_relictaMyonycteris_torquataEidolon_helvumEidolon_dupreanumPlerotes_anchietaeCasinycteris_argynnisScotonycteris_ophiodonScotonycteris_zenkeriHypsignathus_monstrosusEpomops_franquetiEpomops_buettikoferiEpomops_dobsoniiNanonycteris_veldkampiiMicropteropus_intermediusMicropteropus_pusillusEpomophorus_wahlbergiEpomophorus_gambianusEpomophorus_crypturusEpomophorus_minimusEpomophorus_grandisEpomophorus_labiatusEpomophorus_minorEpomophorus_angolensisEonycteris_majorEonycteris_robustaEonycteris_spelaeaMacroglossus_minimusMacroglossus_sobrinusSyconycteris_hobbitSyconycteris_carolinaeSyconycteris_australisNotopteris_macdonaldiNotopteris_neocaledonicaMelonycteris_melanopsMelonycteris_woodfordiHarpyionycteris_celebensisHarpyionycteris_whiteheadiAproteles_bulmeraeDobsonia_exoletaDobsonia_anderseniDobsonia_magnaDobsonia_moluccensisDobsonia_viridisDobsonia_crenulataDobsonia_inermisDobsonia_beaufortiDobsonia_praedatrixDobsonia_emersaDobsonia_pannietensisDobsonia_peroniiDobsonia_minorStyloctenium_wallaceiNeopteryx_frostiPteralopex_atrataPteralopex_pulchraPteralopex_ancepsPteralopex_acrodontaAcerodon_leucotisAcerodon_humilisAcerodon_jubatusAcerodon_celebensisAcerodon_macklotiPteropus_conspicillatusPteropus_ocularisPteropus_anetianusPteropus_samoensisPteropus_gilliardorumPteropus_woodfordiPteropus_scapulatusPteropus_mahaganusPteropus_personatusPteropus_temminckiiPteropus_capistratusPteropus_alectoPteropus_melanotusPteropus_griseusPteropus_canicepsPteropus_dasymallusPteropus_faunulusPteropus_admiralitatumPteropus_hypomelanusPteropus_pumilusPteropus_howensisPteropus_ornatusPteropus_livingstoniiPteropus_aruensisPteropus_keyensisPteropus_melanopogonPteropus_loochoensisPteropus_yapensisPteropus_ualanusPteropus_mariannusPteropus_pelewensisPteropus_tonganusPteropus_leucopterusPteropus_vetulusPteropus_nitendiensisPteropus_pselaphonPteropus_insularisPteropus_tuberculatusPteropus_seychellensisPteropus_nigerPteropus_rufusPteropus_voeltzkowiPteropus_aldabrensisPteropus_neohibernicusPteropus_pohleiPteropus_macrotisPteropus_poliocephalusPteropus_rodricensisPteropus_lombocensisPteropus_molossinusPteropus_cognatusPteropus_rayneriPteropus_rennelliPteropus_fundatusPteropus_chrysoproctusPteropus_vampyrusPteropus_intermediusPteropus_giganteusPteropus_lyleiPteropus_speciosusSaccolaimus_peliSaccolaimus_saccolaimusSaccolaimus_flaviventrisSaccolaimus_mixtusTaphozous_hamiltoniTaphozous_nudiventrisTaphozous_theobaldiTaphozous_hilliTaphozous_georgianusTaphozous_troughtoniTaphozous_kapalgensisTaphozous_australisTaphozous_hildegardeaeTaphozous_melanopogonTaphozous_achatesTaphozous_perforatusTaphozous_longimanusTaphozous_mauritianusMosia_nigrescensColeura_afraColeura_seychellensisEmballonura_alectoEmballonura_monticolaEmballonura_semicaudataEmballonura_dianaeEmballonura_furaxEmballonura_raffrayanaEmballonura_atrataEmballonura_beccariiRhynchonycteris_nasoCyttarops_alectoDiclidurus_isabellusDiclidurus_scutatusDiclidurus_albusDiclidurus_ingensBalantiopteryx_ioBalantiopteryx_plicataBalantiopteryx_infuscaPeropteryx_leucopteraPeropteryx_kappleriPeropteryx_macrotisPeropteryx_trinitatisSaccopteryx_bilineataSaccopteryx_lepturaSaccopteryx_gymnuraSaccopteryx_canescensCormura_brevirostrisCentronycteris_maximilianiCentronycteris_centralisCraseonycteris_thonglongyaiRhinopoma_hardwickiiRhinopoma_macinnesiRhinopoma_muscatellumRhinopoma_microphyllumCardioderma_corLavia_fronsMegaderma_lyraMegaderma_spasmaMacroderma_gigasNycteris_majorNycteris_argeNycteris_intermediaNycteris_nanaNycteris_gambiensisNycteris_thebaicaNycteris_madagascariensisNycteris_vinsoniNycteris_macrotisNycteris_woodiNycteris_parisiiNycteris_grandisNycteris_hispidaNycteris_auritaNycteris_javanicaNycteris_tragataRhinolophus_lepidusRhinolophus_shortridgeiRhinolophus_imaizumiiRhinolophus_cognatusRhinolophus_subbadiusRhinolophus_eloquensRhinolophus_hildebrandtiiRhinolophus_ferrumequinumRhinolophus_blasiiRhinolophus_thomasiRhinolophus_subrufusRhinolophus_sedulusRhinolophus_shameliRhinolophus_silvestrisRhinolophus_robinsoniRhinolophus_alcyoneRhinolophus_virgoRhinolophus_swinnyiRhinolophus_euryotisRhinolophus_trifoliatusRhinolophus_megaphyllusRhinolophus_mitratusRhinolophus_malayanusRhinolophus_philippinensisRhinolophus_montanusRhinolophus_rufusRhinolophus_sthenoRhinolophus_simulatorRhinolophus_inopsRhinolophus_rouxiiRhinolophus_sinicusRhinolophus_maclaudiRhinolophus_ruwenzoriiRhinolophus_hilliRhinolophus_paradoxolophusRhinolophus_beddomeiRhinolophus_luctusRhinolophus_formosaeRhinolophus_macrotisRhinolophus_siamensisRhinolophus_hipposiderosRhinolophus_pearsoniiRhinolophus_marshalliRhinolophus_rexRhinolophus_keyensisRhinolophus_darlingiRhinolophus_fumigatusRhinolophus_dentiRhinolophus_deckeniiRhinolophus_adamiRhinolophus_celebensisRhinolophus_madurensisRhinolophus_coelophyllusRhinolophus_capensisRhinolophus_affinisRhinolophus_clivosusRhinolophus_bocharicusRhinolophus_hillorumRhinolophus_arcuatusRhinolophus_yunanensisRhinolophus_nereisRhinolophus_borneensisRhinolophus_mehelyiRhinolophus_euryaleRhinolophus_landeriRhinolophus_guineensisRhinolophus_acuminatusRhinolophus_canutiRhinolophus_creaghiRhinolophus_monocerosRhinolophus_pusillusRhinolophus_osgoodiRhinolophus_cornutusParacoelops_megalotisCoelops_frithiiCoelops_robinsoniRhinonicteris_aurantiaTriaenops_furculusTriaenops_auritusTriaenops_persicusTriaenops_rufusAselliscus_tricuspidatusAnthops_ornatusAsellia_patriziiAsellia_tridensHipposideros_camerunensisHipposideros_cyclopsHipposideros_corynophyllusHipposideros_muscinusHipposideros_semoniHipposideros_stenotisHipposideros_wollastoniHipposideros_larvatusHipposideros_grandisHipposideros_sumbaeHipposideros_dinopsHipposideros_pelingensisHipposideros_lyleiHipposideros_prattiHipposideros_lankadivaHipposideros_lekaguliHipposideros_inexpectatusHipposideros_gigasHipposideros_vittatusHipposideros_thomensisHipposideros_commersoniHipposideros_turpisHipposideros_armigerHipposideros_inornatusHipposideros_diademaHipposideros_demissusHipposideros_coronatusHipposideros_calcaratusHipposideros_speorisHipposideros_jonesiHipposideros_curtusHipposideros_abaeHipposideros_fulvusHipposideros_dyacorumCloeotis_percivaliAselliscus_stoliczkanusHipposideros_megalotisHipposideros_marisaeHipposideros_obscurusHipposideros_pygmaeusHipposideros_crumeniferusHipposideros_cervinusHipposideros_coxiHipposideros_cafferHipposideros_halophyllusHipposideros_doriaeHipposideros_cineraceusHipposideros_durgadasiHipposideros_brevicepsHipposideros_macrobullatusHipposideros_galeritusHipposideros_bicolorHipposideros_beatusHipposideros_fuliginosusHipposideros_maggietayloraeHipposideros_papuaHipposideros_lamotteiHipposideros_ruberHipposideros_ridleyiHipposideros_aterHipposideros_pomonaHipposideros_nequamTomopeas_ravusPlatymops_setigerMormopterus_planicepsMormopterus_loriaeMormopterus_norfolkensisMormopterus_beccariiSauromys_petrophilusMormopterus_minutusMormopterus_kalinowskiiMormopterus_phrudusMormopterus_doriaeMormopterus_jugularisMormopterus_acetabulosusCheiromeles_torquatusCheiromeles_parvidensMyopterus_daubentoniiMyopterus_whitleyiMolossops_mattogrossensisMolossops_aequatorianusMolossops_neglectusMolossops_temminckiiCynomops_greenhalliCynomops_mexicanusCynomops_paranusCynomops_planirostrisCynomops_abrasusTadarida_brasiliensisTadarida_lobataTadarida_fulminansTadarida_latoucheiTadarida_insignisTadarida_teniotisTadarida_ventralisTadarida_australisTadarida_kuboriensisTadarida_aegyptiacaNyctinomops_femorosaccusNyctinomops_macrotisNyctinomops_laticaudatusNyctinomops_aurispinosusOtomops_papuensisOtomops_formosusOtomops_wroughtoniOtomops_martiensseniOtomops_madagascariensisOtomops_secundusPromops_centralisPromops_nasutusMolossus_sinaloaeMolossus_barnesiMolossus_aztecusMolossus_molossusMolossus_coibensisMolossus_rufusMolossus_pretiosusMolossus_currentiumEumops_hansaeEumops_perotisEumops_trumbulliEumops_dabbeneiEumops_bonariensisEumops_patagonicusEumops_maurusEumops_glaucinusEumops_auripendulusEumops_underwoodiChaerephon_bemmeleniChaerephon_ansorgeiChaerephon_bivittatusChaerephon_johorensisChaerephon_nigeriaeChaerephon_jobensisChaerephon_solomonisChaerephon_bregullaeChaerephon_aloysiisabaudiaeChaerephon_gallagheriChaerephon_plicatusChaerephon_chapiniChaerephon_shortridgeiChaerephon_leucogasterChaerephon_pumilusChaerephon_majorChaerephon_russatusMops_nanulusMops_thersitesMops_brachypterusMops_petersoniMops_spurrelliMops_congicusMops_mopsMops_trevoriMops_midasMops_niangaraeMops_condylurusMops_leucostigmaMops_sarasinorumMops_demonstratorMops_niveiventerMiniopterus_inflatusMiniopterus_africanusMiniopterus_magnaterMiniopterus_fraterculusMiniopterus_fuscusMiniopterus_mediusMiniopterus_robustiorMiniopterus_tristisMiniopterus_majoriMiniopterus_natalensisMiniopterus_schreibersiiMiniopterus_minorMiniopterus_manaviMiniopterus_paululusMiniopterus_australisMiniopterus_shortridgeiMiniopterus_pusillusMiniopterus_macrocnemeLasiurus_egaLasiurus_xanthinusLasiurus_intermediusLasiurus_insularisLasiurus_egregiusLasiurus_salinaeLasiurus_borealisLasiurus_degelidusLasiurus_pfeifferiLasiurus_variusLasiurus_blossevilliiLasiurus_minorLasiurus_seminolusLasiurus_castaneusLasiurus_cinereusVespadelus_darlingtoniVespadelus_vulturnusVespadelus_pumilusVespadelus_caurinusVespadelus_finlaysoniVespadelus_troughtoniVespadelus_regulusVespadelus_baverstockiVespadelus_douglasorumNyctalus_azoreumNyctalus_leisleriNyctalus_montanusNyctalus_aviatorNyctalus_lasiopterusNyctalus_furvusNyctalus_noctulaNyctalus_plancyiNycticeius_humeralisNycticeius_cubanusMyotis_planicepsMyotis_leibiiMyotis_melanorhinusMyotis_ciliolabrumMyotis_californicusMyotis_scottiMyotis_brandtiiMyotis_insularumMyotis_nipalensisMyotis_davidiiMyotis_hajastanicusMyotis_mystacinusMyotis_fraterMyotis_bucharensisMyotis_muricolaMyotis_aterMyotis_ridleyiMyotis_rossetiMyotis_annectansMyotis_ozensisMyotis_hosonoiMyotis_australisMyotis_yesoensisMyotis_ikonnikoviMyotis_keaysiMyotis_atacamensisMyotis_findleyiMyotis_martiniquensisMyotis_sodalisMyotis_nesopolusMyotis_elegansMyotis_nigricansMyotis_dominicensisMyotis_oreiasMyotis_altariumMyotis_siligorensisMyotis_albescensNycticeius_aenobarbusCistugo_lesueuriCistugo_seabraeMyotis_rickettiMyotis_yumanensisMyotis_chiloensisMyotis_cobanensisMyotis_veliferMyotis_volansMyotis_oxyotusMyotis_peninsularisMyotis_levisMyotis_austroripariusMyotis_montivagusMyotis_lucifugusMyotis_occultusMyotis_grisescensMyotis_stalkeriMyotis_macrotarsusMyotis_vivesiMyotis_bechsteiniiMyotis_evotisMyotis_keeniiMyotis_septentrionalisMyotis_auriculusMyotis_pequiniusMyotis_nattereriMyotis_thysanodesMyotis_bombinusMyotis_schaubiMyotis_blythiiMyotis_oxygnathusMyotis_punicusMyotis_sicariusMyotis_chinensisMyotis_myotisMyotis_formosusMyotis_hermaniMyotis_welwitschiiMyotis_goudotiMyotis_anjouanensisMyotis_emarginatusMyotis_morrisiMyotis_tricolorMyotis_dasycnemeMyotis_fortidensMyotis_macropusMyotis_adversusMyotis_moluccarumMyotis_horsfieldiiMyotis_bocagiiMyotis_hasseltiiMyotis_abeiMyotis_aelleniMyotis_ripariusMyotis_simusMyotis_ruberMyotis_macrodactylusMyotis_fimbriatusMyotis_lanigerMyotis_daubentoniiMyotis_longipesMyotis_capacciniiMyotis_pruinosusEptesicus_floweriEptesicus_serotinusEptesicus_guadeloupensisEptesicus_kobayashiiEptesicus_hottentotusEptesicus_dimissusEptesicus_platyopsEptesicus_tateiEptesicus_pachyotisEptesicus_andinusEptesicus_brasiliensisEptesicus_chiriquinusEptesicus_bottaeEptesicus_furinalisEptesicus_diminutusEptesicus_innoxiusEptesicus_fuscusEptesicus_nasutusEptesicus_bobrinskoiEptesicus_gobiensisEptesicus_japonensisEptesicus_nilssoniiNeoromicia_flavescensNeoromicia_tenuipinnisNeoromicia_rendalliNeoromicia_somalicusNeoromicia_zuluensisNeoromicia_brunneusEptesicus_matrokaNeoromicia_capensisNeoromicia_melckorumNeoromicia_guineensisPhiletor_brachypterusHypsugo_anchietaeHypsugo_eisentrautiBauerus_dubiaquercusAntrozous_pallidusChalinolobus_tuberculatusChalinolobus_nigrogriseusChalinolobus_picatusChalinolobus_morioChalinolobus_dwyeriChalinolobus_gouldiiChalinolobus_neocaledonicusArielulus_circumdatusArielulus_cuprosusArielulus_societatisPipistrellus_inexspectatusPipistrellus_aeroPipistrellus_kuhliiPipistrellus_hesperidusPipistrellus_rusticusPipistrellus_desertiPipistrellus_maderensisPipistrellus_permixtusPipistrellus_nathusiiPipistrellus_pipistrellusPipistrellus_pygmaeusPipistrellus_coromandraPipistrellus_westralisPipistrellus_papuanusPipistrellus_angulatusPipistrellus_collinusPipistrellus_wattsiPipistrellus_adamsiPipistrellus_tenuisPipistrellus_javanicusPipistrellus_abramusPipistrellus_paterculusPipistrellus_endoiPipistrellus_minahassaePipistrellus_ceylonicusPipistrellus_nanulusHypsugo_crassulusPipistrellus_rueppelliiVespertilio_murinusVespertilio_sinensisGlischropus_javanusGlischropus_tylopusHesperoptenus_doriaeTylonycteris_pachypusTylonycteris_robustulaHypsugo_joffreiHypsugo_anthonyiPipistrellus_stenopterusHypsugo_pulveratusHypsugo_kitcheneriHypsugo_lophurusPipistrellus_hesperusHypsugo_musciculusScotomanes_ornatusScotophilus_nigritaScotophilus_leucogasterScotophilus_nucellaScotophilus_nuxScotophilus_dinganiiScotophilus_robustusScotophilus_celebensisScotophilus_heathiiScotophilus_borbonicusScotophilus_viridisScotophilus_kuhliiScotophilus_collinusHarpiocephalus_harpiaHarpiocephalus_mordaxMurina_griseaMurina_aeneaMurina_cyclotisMurina_putaMurina_rozendaaliMurina_huttoniMurina_silvaticaMurina_floriumMurina_suillaMurina_tubinarisMurina_tenebrosaMurina_ussuriensisMurina_aurataMurina_fuscaMurina_leucogasterMurina_hilgendorfiPhoniscus_aerosaPhoniscus_atroxPhoniscus_papuensisPhoniscus_jagoriiKerivoula_papillosaKerivoula_lenisKerivoula_pellucidaKerivoula_cuprosaKerivoula_pictaKerivoula_muscinaKerivoula_minutaKerivoula_intermediaKerivoula_argentataKerivoula_hardwickiiKerivoula_myrellaKerivoula_smithiiKerivoula_agnellaKerivoula_whiteheadiKerivoula_lanosaKerivoula_phalaenaKerivoula_floraKerivoula_eriophoraHypsugo_alaschanicusHypsugo_saviiHypsugo_bodenheimeriHypsugo_arielHypsugo_macrotisHypsugo_vordermanniHypsugo_cadornaeNycticeinops_schlieffeniScotorepens_balstoniScotorepens_orionScotorepens_greyiiScotorepens_sanborniScotoecus_pallidusScotoecus_albofuscusScotoecus_hirundoScotoecus_hindeiScotoecus_albigulaMimetillus_moloneyiPipistrellus_subflavusEudiscopus_denticulusHypsugo_imbricatusHypsugo_arabicusNeoromicia_heliosNeoromicia_nanusScotozous_dormeriScoteanax_rueppelliiOtonycteris_hemprichiiBarbastella_barbastellusBarbastella_leucomelasEuderma_maculatumIdionycteris_phyllotisCorynorhinus_rafinesquiiCorynorhinus_mexicanusCorynorhinus_townsendiiPlecotus_austriacusPlecotus_kolombatoviciPlecotus_teneriffaePlecotus_auritusPlecotus_taivanusIa_ioLasionycteris_noctivagansLaephotis_angolensisLaephotis_wintoniLaephotis_botswanaeLaephotis_namibensisGlauconycteris_poensisGlauconycteris_superbaGlauconycteris_egeriaGlauconycteris_kenyacolaGlauconycteris_alboguttataGlauconycteris_machadoiGlauconycteris_variegataGlauconycteris_argentataGlauconycteris_gleniGlauconycteris_beatrixGlauconycteris_humeralisHesperoptenus_tomesiHesperoptenus_tickelliHesperoptenus_gaskelliHesperoptenus_blanfordiHistiotus_macrotusHistiotus_laephotisHistiotus_montanusHistiotus_magellanicusHistiotus_alienusHistiotus_velatusPharotis_imogeneNyctophilus_gouldiNyctophilus_bifaxNyctophilus_geoffroyiNyctophilus_walkeriNyctophilus_timoriensisNyctophilus_heranNyctophilus_arnhemensisNyctophilus_microdonNyctophilus_microtisRhogeessa_alleniRhogeessa_miraRhogeessa_gracilisRhogeessa_minutillaRhogeessa_genowaysiRhogeessa_parvulaRhogeessa_aeneusRhogeessa_ioRhogeessa_tumidaFalsistrellus_mackenzieiFalsistrellus_tasmaniensisFalsistrellus_petersiFalsistrellus_affinisFalsistrellus_mordaxMystacina_tuberculataNoctilio_albiventrisNoctilio_leporinusMormoops_blainvilleiMormoops_megalophyllaPteronotus_personatusPteronotus_quadridensPteronotus_macleayiiPteronotus_parnelliiPteronotus_davyiPteronotus_gymnonotusDiphylla_ecaudataDesmodus_rotundusDiaemus_youngiMacrophyllum_macrophyllumLonchorhina_marinkelleiLonchorhina_orinocensisLonchorhina_fernandeziLonchorhina_auritaMacrotus_californicusMacrotus_waterhousiiTrinycteris_niceforiNeonycteris_pusillaGlyphonycteris_daviesiGlyphonycteris_behniiGlyphonycteris_sylvestrisMicronycteris_hirsutaMicronycteris_minutaMicronycteris_schmidtorumMicronycteris_microtisMicronycteris_megalotisMicronycteris_homeziLampronycteris_brachyotisTrachops_cirrhosusChrotopterus_auritusVampyrum_spectrumLophostoma_schulziLophostoma_brasilienseTonatia_bidensTonatia_saurophilaLophostoma_carrikeriLophostoma_silvicolumLophostoma_evotisMimon_bennettiiMimon_cozumelaeMimon_crenulatumMimon_koepckeaePhylloderma_stenopsPhyllostomus_elongatusPhyllostomus_hastatusPhyllostomus_latifoliusPhyllostomus_discolorBrachyphylla_cavernarumBrachyphylla_nanaErophylla_sezekorniErophylla_bombifronsPhyllonycteris_aphyllaPhyllonycteris_poeyiPlatalina_genovensiumLionycteris_spurrelliLonchophylla_thomasiLonchophylla_mordaxLonchophylla_handleyiLonchophylla_dekeyseriLonchophylla_bokermanniLonchophylla_hesperiaLonchophylla_robustaLeptonycteris_curasoaeLeptonycteris_yerbabuenaeLeptonycteris_nivalisMonophyllus_plethodonMonophyllus_redmaniGlossophaga_morenoiGlossophaga_leachiiGlossophaga_longirostrisGlossophaga_commissarisiGlossophaga_soricinaAnoura_caudiferAnoura_geoffroyiAnoura_latidensAnoura_cultrataScleronycteris_egaHylonycteris_underwoodiLichonycteris_obscuraChoeronycteris_mexicanaMusonycteris_harrisoniChoeroniscus_periosusChoeroniscus_godmaniChoeroniscus_minorRhinophylla_alethinaRhinophylla_pumilioRhinophylla_fischeraeCarollia_brevicaudaCarollia_subrufaCarollia_perspicillataCarollia_castaneaSturnira_bidensSturnira_nanaSturnira_aratathomasiSturnira_liliumSturnira_mordaxSturnira_thomasiSturnira_tildaeSturnira_bogotensisSturnira_oporaphilumSturnira_erythromosSturnira_luisiSturnira_ludoviciSturnira_magnaPhyllops_falcatusArdops_nichollsiAriteus_flavescensStenoderma_rufumAmetrida_centurioSphaeronycteris_toxophyllumCenturio_senexPygoderma_bilabiatumEnchisthenes_hartiiArtibeus_aztecusArtibeus_toltecusArtibeus_phaeotisArtibeus_cinereusArtibeus_anderseniArtibeus_watsoniArtibeus_glaucusArtibeus_gnomusArtibeus_concolorArtibeus_fimbriatusArtibeus_amplusArtibeus_obscurusArtibeus_jamaicensisArtibeus_lituratusArtibeus_fraterculusArtibeus_hirsutusArtibeus_inopinatusChiroderma_salviniChiroderma_improvisumChiroderma_villosumChiroderma_doriaeChiroderma_trinitatumEctophylla_albaMesophylla_macconnelliVampyressa_melissaVampyressa_pusillaVampyressa_thyoneVampyressa_nymphaeaVampyressa_bidensVampyressa_brockiUroderma_bilobatumUroderma_magnirostrumVampyrodes_caraccioliPlatyrrhinus_vittatusPlatyrrhinus_recifinusPlatyrrhinus_aurariusPlatyrrhinus_brachycephalusPlatyrrhinus_dorsalisPlatyrrhinus_helleriPlatyrrhinus_umbratusPlatyrrhinus_chocoensisPlatyrrhinus_infuscusPlatyrrhinus_lineatusMyzopoda_auritaThyroptera_disciferaThyroptera_tricolorAmorphochilus_schnabliiFuripterus_horrensNatalus_jamaicensisNatalus_primusNatalus_majorNatalus_stramineusNatalus_tumidirostrisNyctiellus_lepidusChilonatalus_micropusChilonatalus_tumidifronsUropsilus_soricipesUropsilus_gracilisUropsilus_investigatorUropsilus_andersoniScaptonyx_fusicaudusParascaptor_leucuraMogera_tokudaeMogera_imaizumiiMogera_insularisMogera_woguraEuroscaptor_parvidensEuroscaptor_longirostrisEuroscaptor_mizuraEuroscaptor_micruraEuroscaptor_klossiEuroscaptor_grandisTalpa_caucasicaTalpa_europaeaTalpa_romanaTalpa_davidianaTalpa_stankoviciTalpa_caecaTalpa_altaicaTalpa_occidentalisTalpa_levantisScaptochirus_moschatusMogera_uchidaiCondylura_cristataScapanulus_oweniParascalops_breweriScalopus_aquaticusScapanus_latimanusScapanus_townsendiiScapanus_orariusNeurotrichus_gibbsiiDymecodon_pilirostrisUrotrichus_talpoidesDesmana_moschataGalemys_pyrenaicusEchinosorex_gymnuraPodogymnura_aureospinulaPodogymnura_trueiHylomys_suillusHylomys_parvusNeotetracus_sinensisNeohylomys_hainanensisParaechinus_hypomelasParaechinus_aethiopicusParaechinus_micropusHemiechinus_auritusHemiechinus_collarisMesechinus_dauuricusMesechinus_hughiErinaceus_concolorErinaceus_roumanicusErinaceus_amurensisErinaceus_europaeusAtelerix_frontalisAtelerix_algirusAtelerix_albiventrisAtelerix_sclateriMyosorex_longicaudatusMyosorex_babaultiMyosorex_blarinaMyosorex_rumpiiMyosorex_tenuisMyosorex_sclateriMyosorex_geataMyosorex_okuensisMyosorex_schalleriMyosorex_caferMyosorex_variusMyosorex_eisentrautiSuncus_megaluraSylvisorex_vulcanorumSylvisorex_isabellaeSylvisorex_morioSylvisorex_ollulaSylvisorex_grantiSylvisorex_camerunensisSylvisorex_oriundusSylvisorex_lunarisSylvisorex_howelliSylvisorex_johnstoniSuncus_lixusSuncus_aequatoriusSuncus_infinitesimusSuncus_remyiSuncus_malayanusSuncus_madagascariensisSuncus_murinusSuncus_etruscusSuncus_zeylanicusSuncus_fellowesgordoniSuncus_hoseiSuncus_mertensiSuncus_stoliczkanusSuncus_dayiSuncus_aterSuncus_varillaSuncus_montanusSurdisorex_noraeSurdisorex_polulusCrocidura_maxiCrocidura_miyaCrocidura_hirtaCrocidura_nigrofuscaCrocidura_montisCrocidura_nanaCrocidura_harennaCrocidura_hildegardeaeCrocidura_virgataCrocidura_oriiCrocidura_nigeriaeCrocidura_monaxCrocidura_mindorusCrocidura_grasseiCrocidura_paradoxuraCrocidura_baluensisCrocidura_foetidaCrocidura_vosmaeriCrocidura_fuliginosaCrocidura_orientalisCrocidura_brunneaCrocidura_lepiduraCrocidura_kivuanaCrocidura_jenkinsiCrocidura_foxiCrocidura_fischeriCrocidura_lamotteiCrocidura_greenwoodiCrocidura_russulaCrocidura_planicepsCrocidura_palawanensisCrocidura_jacksoniCrocidura_hispidaCrocidura_lanosaCrocidura_smithiiCrocidura_sibiricaCrocidura_armenicaCrocidura_nigricansCrocidura_allexCrocidura_arabicaCrocidura_zimmermanniCrocidura_suaveolensCrocidura_shantungensisCrocidura_voiCrocidura_tenuisCrocidura_telfordiCrocidura_zaphiriCrocidura_tansanianaCrocidura_viariaCrocidura_pergriseaCrocidura_piceaCrocidura_pashaCrocidura_thaliaCrocidura_yankariensisCrocidura_andamanensisCrocidura_thomensisCrocidura_raineyiCrocidura_parvipesCrocidura_aleksandrisiCrocidura_nanillaCrocidura_ultimaCrocidura_religiosaCrocidura_ericaCrocidura_desperataCrocidura_floweriCrocidura_flavescensCrocidura_fumosaCrocidura_lasiuraCrocidura_elgoniusCrocidura_elongataCrocidura_tarfayensisCrocidura_crenataCrocidura_ansellorumCrocidura_trichuraCrocidura_tanakaeCrocidura_attenuataCrocidura_beatusCrocidura_rooseveltiCrocidura_zimmeriCrocidura_poliaCrocidura_zarudnyiCrocidura_selinaCrocidura_serezkyensisCrocidura_arispaCrocidura_congobelgicaCrocidura_rhoditisCrocidura_voraxCrocidura_rapaxCrocidura_pullataCrocidura_grandisCrocidura_latonaCrocidura_grandicepsCrocidura_lusitaniaCrocidura_macarthuriCrocidura_manengubaeCrocidura_lunaCrocidura_ludiaCrocidura_fulvastraCrocidura_littoralisCrocidura_goliathCrocidura_niobeCrocidura_glassiCrocidura_macowiCrocidura_fuscomurinaCrocidura_lucinaCrocidura_horsfieldiiCrocidura_wuchihensisCrocidura_wataseiCrocidura_indochinensisCrocidura_gracilipesCrocidura_mutesaeCrocidura_monticolaCrocidura_muricaudaCrocidura_maquassiensisCrocidura_mariquensisCrocidura_mauriscaCrocidura_leviculaCrocidura_malayanaCrocidura_negligensCrocidura_macmillaniCrocidura_longipesCrocidura_wimmeriCrocidura_leucodonCrocidura_caspicaCrocidura_somalicaCrocidura_siculaCrocidura_stenocephalaCrocidura_poensisCrocidura_nigripesCrocidura_theresaeCrocidura_eisentrautiCrocidura_pitmaniCrocidura_susianaCrocidura_grayiCrocidura_phaeuraCrocidura_olivieriCrocidura_nicobaricaCrocidura_obscuriorCrocidura_negrinaCrocidura_nimbaeCrocidura_bottegiCrocidura_batesiCrocidura_whitakeriCrocidura_baileyiCrocidura_dolichuraCrocidura_attilaCrocidura_silaceaCrocidura_crosseiCrocidura_jouvenetaeCrocidura_canariensisCrocidura_turbaCrocidura_xantippeCrocidura_tarellaCrocidura_dsinezumiCrocidura_cyaneaCrocidura_usambaraeCrocidura_dentiCrocidura_dhofarensisCrocidura_doucetiCrocidura_beccariiCrocidura_buettikoferiCrocidura_caligineaCrocidura_ichnusaeCrocidura_leaCrocidura_bottegoidesCrocidura_cinderellaFeroculus_feroculusDiplomesodon_pulchellumCongosorex_polliSolisorex_pearsoniScutisorex_somereniParacrocidura_schoutedeniParacrocidura_graueriParacrocidura_maximaRuwenzorisorex_suncoidesSorex_alpinusSorex_mirabilisSorex_samniticusSorex_arcticusSorex_maritimensisSorex_coronatusSorex_araneusSorex_antinoriiSorex_granariusSorex_satuniniSorex_daphaenodonSorex_tundrensisSorex_asperSorex_excelsusSorex_raddeiSorex_isodonSorex_unguiculatusSorex_roboratusSorex_caecutiensSorex_shintoSorex_gracillimusSorex_minutusSorex_buchariensisSorex_volnuchiniSorex_minutissimusSorex_hosonoiSorex_monticolusSorex_neomexicanusSorex_vagransSorex_pacificusSorex_bairdiSorex_hoyiSorex_ornatusSorex_fumeusSorex_haydeniSorex_palustrisSorex_bendiriiSorex_jacksoniSorex_prebleiSorex_longirostrisSorex_cinereusSorex_ugyunakSorex_nanusSorex_leucogasterSorex_disparSorex_tenellusSorex_portenkoiSorex_trowbridgiiSorex_arizonaeSorex_merriamiBlarinella_wardiBlarinella_quadraticaudaBlarinella_griseldaBlarina_hylophagaBlarina_carolinensisBlarina_peninsulaeBlarina_brevicaudaCryptotis_phillipsiiCryptotis_mexicanaCryptotis_nelsoniCryptotis_obscuraCryptotis_peregrinaCryptotis_goldmaniCryptotis_griseoventrisCryptotis_alticolaCryptotis_goodwiniCryptotis_mayensisCryptotis_meraCryptotis_nigrescensCryptotis_merriamiCryptotis_tropicalisCryptotis_parvaCryptotis_orophilaCryptotis_hondurensisCryptotis_squamipesCryptotis_montivagaCryptotis_magnaCryptotis_gracilisCryptotis_endersiCryptotis_meridensisCryptotis_thomasiCryptotis_medelliniaCryptotis_equatorisChimarrogale_styaniChimarrogale_sumatranaChimarrogale_phaeuraChimarrogale_himalayicaChimarrogale_hantuChimarrogale_platycephalusNectogale_elegansEpisoriculus_macrurusChodsigoa_sodalisEpisoriculus_fumidusEpisoriculus_leucopsEpisoriculus_caudatusSoriculus_nigrescensChodsigoa_parcaChodsigoa_salenskiiChodsigoa_smithiiChodsigoa_lamulaChodsigoa_parvaChodsigoa_hypsibiaNeomys_teresNeomys_anomalusNeomys_fodiensAnourosorex_squamipesAnourosorex_assamensisAnourosorex_schmidiAnourosorex_yamashinaiNotiosorex_crawfordiNotiosorex_evotisMegasorex_gigasSolenodon_cubanusSolenodon_paradoxusEuphractus_sexcinctusZaedyus_pichiyChaetophractus_vellerosusChaetophractus_villosusChaetophractus_nationiPriodontes_maximusTolypeutes_matacusTolypeutes_tricinctusCabassous_tatouayCabassous_unicinctusCabassous_centralisCabassous_chacoensisDasypus_kappleriDasypus_hybridusDasypus_novemcinctusDasypus_septemcinctusDasypus_pilosusDasypus_sabanicolaCalyptophractus_retususChlamyphorus_truncatusTamandua_tetradactylaTamandua_mexicanaMyrmecophaga_tridactylaCyclopes_didactylusCholoepus_didactylusCholoepus_hoffmanniBradypus_torquatusBradypus_tridactylusBradypus_variegatusCarpitalpa_arendsiCalcochloris_tytonisChlorotalpa_duthieaeCalcochloris_leucorhinusChlorotalpa_sclateriAmblysomus_corriaeAmblysomus_septentrionalisAmblysomus_hottentotusAmblysomus_marleyiNeamblysomus_gunningiNeamblysomus_julianaeChrysochloris_asiaticaChrysochloris_visagieiChrysochloris_stuhlmanniChrysospalax_trevelyaniChrysospalax_villosusCalcochloris_obtusirostrisPotamogale_veloxMicropotamogale_lamotteiMicropotamogale_ruwenzoriiLimnogale_mergulusGeogale_auritaSetifer_setosusEchinops_telfairiHemicentetes_semispinosusHemicentetes_nigricepsTenrec_ecaudatusOryzorictes_tetradactylusOryzorictes_hovaMicrogale_principulaMicrogale_talazaciMicrogale_parvulaMicrogale_dobsoniMicrogale_longicaudataMicrogale_gracilisMicrogale_thomasiMicrogale_brevicaudataMicrogale_dryasMicrogale_pusillaMicrogale_taivaMicrogale_cowaniMicrogale_drouhardiElephantulus_brachyrhynchusElephantulus_fuscipesElephantulus_fuscusElephantulus_intufiElephantulus_rupestrisElephantulus_revoiliElephantulus_rufescensElephantulus_edwardiiElephantulus_myurusElephantulus_rozetiMacroscelides_proboscideusPetrodromus_tetradactylusRhynchocyon_petersiRhynchocyon_cirneiRhynchocyon_udzungwensisOrycteropus_aferDugong_dugonTrichechus_inunguisTrichechus_manatusTrichechus_senegalensisDendrohyrax_arboreusDendrohyrax_dorsalisHeterohyrax_bruceiProcavia_capensisElephas_maximusLoxodonta_africanaLoxodonta_cyclotisAcrobates_pygmaeusDistoechurus_pennatusTarsipes_rostratusDactylopsila_palpatorDactylopsila_trivirgataDactylopsila_tateiDactylopsila_megaluraGymnobelideus_leadbeateriPetaurus_gracilisPetaurus_norfolcensisPetaurus_abidiPetaurus_australisPetaurus_brevicepsPetaurus_biacensisHemibelideus_lemuroidesPetauroides_volansPetropseudes_dahliPseudochirops_albertisiiPseudochirops_coronatusPseudochirops_archeriPseudochirops_cupreusPseudochirops_corinnaePseudochirulus_caroliPseudochirulus_cinereusPseudochirulus_herbertensisPseudochirulus_forbesiPseudochirulus_larvatusPseudochirulus_canescensPseudochirulus_mayeriPseudocheirus_peregrinusAilurops_ursinusAilurops_melanotisPhalanger_carmelitaePhalanger_vestitusPhalanger_orientalisPhalanger_intercastellanusPhalanger_mimicusPhalanger_sericeusPhalanger_lullulaeStrigocuscus_pelengensisStrigocuscus_celebensisPhalanger_gymnotisSpilocuscus_maculatusSpilocuscus_kraemeriSpilocuscus_rufonigerPhalanger_matanimPhalanger_ornatusTrichosurus_arnhemensisTrichosurus_vulpeculaTrichosurus_johnstoniiTrichosurus_caninusWyulda_squamicaudataBurramys_parvusCercartetus_caudatusCercartetus_nanusCercartetus_lepidusCercartetus_concinnusDendrolagus_bennettianusDendrolagus_dorianusDendrolagus_stellarumDendrolagus_scottaeDendrolagus_goodfellowiDendrolagus_pulcherrimusDendrolagus_matschieiDendrolagus_spadixDendrolagus_ursinusDendrolagus_inustusDendrolagus_lumholtziLagorchestes_conspicillatusLagorchestes_hirsutusMacropus_agilisMacropus_eugeniiMacropus_dorsalisMacropus_parmaMacropus_irmaMacropus_parryiMacropus_rufogriseusMacropus_antilopinusMacropus_rufusMacropus_robustusMacropus_bernardusMacropus_fuliginosusMacropus_giganteusWallabia_bicolorOnychogalea_fraenataOnychogalea_unguiferaSetonix_brachyurusPetrogale_rothschildiPetrogale_xanthopusPetrogale_lateralisPetrogale_purpureicollisPetrogale_persephonePetrogale_assimilisPetrogale_godmaniPetrogale_penicillataPetrogale_herbertiPetrogale_inornataPetrogale_brachyotisPetrogale_burbidgeiPetrogale_concinnaThylogale_billardieriiThylogale_browniThylogale_lanatusThylogale_bruniiThylogale_stigmaticaThylogale_thetisDorcopsis_luctuosaDorcopsis_hageniDorcopsis_muelleriDorcopsis_atrataDorcopsulus_macleayiDorcopsulus_vanheurniLagostrophus_fasciatusBettongia_gaimardiBettongia_penicillataBettongia_tropicaBettongia_lesueurAepyprymnus_rufescensPotorous_longipesPotorous_tridactylusPotorous_gilbertiiHypsiprymnodon_moschatusLasiorhinus_krefftiiLasiorhinus_latifronsVombatus_ursinusPhascolarctos_cinereusDromiciops_gliroidesAntechinus_bellusAntechinus_flavipesAntechinus_leoAntechinus_stuartiiAntechinus_adustusAntechinus_godmaniAntechinus_minimusAntechinus_swainsoniiMurexechinus_melanurusMicromurexia_habbemaPhascomurexia_nasoMurexia_longicaudataParamurexia_rothschildiPhascogale_caluraPhascogale_tapoatafaPseudantechinus_macdonnellensisPseudantechinus_mimulusPseudantechinus_woolleyaeDasyurus_albopunctatusDasyurus_geoffroiiDasyurus_spartacusDasyurus_viverrinusDasyurus_maculatusDasyurus_hallucatusSarcophilus_harrisiiNeophascogale_lorentziPhascolosorex_doriaePhascolosorex_dorsalisPseudantechinus_bilarniDasyuroides_byrneiDasycercus_cristicaudaDasykaluta_rosamondaeParantechinus_apicalisMyoictis_melasMyoictis_wallaciiPseudantechinus_ningbingNingaui_rideiNingaui_yvonnaeNingaui_timealeyiSminthopsis_aitkeniSminthopsis_griseoventerSminthopsis_archeriSminthopsis_murinaSminthopsis_leucopusSminthopsis_gilbertiSminthopsis_dolichuraSminthopsis_hirtipesSminthopsis_ooldeaSminthopsis_youngsoniSminthopsis_psammophilaSminthopsis_longicaudataSminthopsis_granulipesSminthopsis_butleriSminthopsis_douglasiSminthopsis_virginiaeSminthopsis_macrouraSminthopsis_crassicaudataAntechinomys_lanigerPlanigale_novaeguineaePlanigale_gilesiPlanigale_ingramiPlanigale_tenuirostrisPlanigale_maculataMyrmecobius_fasciatusNotoryctes_caurinusNotoryctes_typhlopsEchymipera_kalubuEchymipera_rufescensEchymipera_claraEchymipera_echinistaEchymipera_davidiMicroperoryctes_longicaudaMicroperoryctes_murinaMicroperoryctes_papuensisPeroryctes_broadbentiPeroryctes_raffrayanaRhynchomeles_prattorumPerameles_bougainvillePerameles_gunniiPerameles_nasutaIsoodon_auratusIsoodon_obesulusIsoodon_macrourusMacrotis_lagotisCaenolestes_convelatusCaenolestes_caniventerCaenolestes_fuliginosusRhyncholestes_raphanurusLestoros_incaCaluromys_lanatusCaluromys_philanderCaluromys_derbianusCaluromysiops_irruptaGlironia_venustaChironectes_minimusDidelphis_imperfectaDidelphis_pernigraDidelphis_albiventrisDidelphis_auritaDidelphis_marsupialisDidelphis_virginianaPhilander_andersoniPhilander_mcilhennyiPhilander_opossumPhilander_frenatusLutreolina_crassicaudataMetachirus_nudicaudatusGracilinanus_maricaGracilinanus_aceramarcaeGracilinanus_emiliaeGracilinanus_agricolaiGracilinanus_agilisGracilinanus_formosusGracilinanus_microtarsusGracilinanus_dryasMarmosops_fuscatusMarmosops_juninensisMarmosops_bishopiMarmosops_parvidensMarmosops_pinheiroiMarmosops_noctivagusMarmosops_impavidusMarmosops_neblinaMarmosops_handleyiMarmosops_cracensMarmosops_dorotheaMarmosops_incanusMarmosops_paulensisMarmosops_invictusLestodelphys_halliThylamys_venustusThylamys_elegansThylamys_cinderellaThylamys_sponsoriusThylamys_tateiThylamys_pallidiorThylamys_macrurusThylamys_karimiiThylamys_pusillusMarmosa_lepidaMarmosa_mexicanaMarmosa_xerophilaMarmosa_rubraMarmosa_tylerianaMicoureus_demeraraeMicoureus_paraguayanusMicoureus_alstoniMicoureus_constantiaeMicoureus_reginaMicoureus_phaeusMarmosa_murinaMarmosa_quichuaTlacuatzin_canescensMarmosa_robinsoniMarmosa_andersoniMonodelphis_iheringiMonodelphis_brevicaudataMonodelphis_palliolataMonodelphis_glirinaMonodelphis_rubidaMonodelphis_umbristriataMonodelphis_scalopsMonodelphis_theresaMonodelphis_domesticaMonodelphis_emiliaeMonodelphis_dimidiataMonodelphis_americanaMonodelphis_adustaMonodelphis_kunsiMonodelphis_unistriataMonodelphis_maraxinaMonodelphis_osgoodiMonodelphis_sorex